CHARACTER,WORLD,SCORE,CYL 1 VOTES,CYL 2 VOTES,CYL 3 VOTES,CYL 4 VOTES,CYL 5 VOTES,CYL 6 VOTES,CYL 7 VOTES,CYL 8 VOTES,CYL 9 VOTES,SIGMA
Gatekeeper,Fodlan,2646.56,,,,,72267.0,,,,,74.67
Edelgard,Fodlan,2617.64,,,,74617.0,,,,,,36.35
Ike,Tellius,2613.74,51555.0,,,,,,,,,45.71
Dimitri,Fodlan,2588.01,,,,69448.0,,,,,,37.14
Claude,Fodlan,2515.84,,,,59751.0,,,,,,45.93
Eikþyrnir (Eikthyrnir),Heroes,2497.87,,,,,,,,,15138.0,57.08
Lyn,Elibe,2457.06,49917.0,,,,,,,,,25.5
Lucina,Ylisse,2425.86,48295.0,,,,,,,,,34.38
Hector,Elibe,2400.97,27372.0,40946.0,,,,,,,,27.6
Camilla,Fates,2314.93,25766.0,28166.0,46741.0,,,,,,,4.35
Lysithea,Fodlan,2253.62,,,,42462.0,,,,,,4.75
Byleth (F),Fodlan,2250.9,,,,35255.0,25964.0,20855.0,,,,2.77
Marianne,Fodlan,2248.95,,,,14105.0,33555.0,,,,,3.21
Chrom,Ylisse,2233.76,23803.0,13638.0,19656.0,15595.0,35810.0,42134.0,,,,1.84
Eirika,Magvel,2229.47,16423.0,27503.0,22771.0,26040.0,31875.0,,,,,2.0
Marth,Archanea,2227.92,24547.0,37192.0,33182.0,44107.0,46699.0,,,,,2.08
Veronica,Heroes,2209.59,,29206.0,,,,,,,,5.3
Felix,Fodlan,2189.1,,,,12465.0,10786.0,19117.0,16365.0,11612.0,,2.37
Gullveig,Heroes,2169.46,,,,,,,16941.0,,,3.83
Baldr,Heroes,2158.03,,,,,,,,,11158.0,11.99
Ephraim,Magvel,2156.0,14908.0,31027.0,,,,,,,,3.28
Micaiah,Tellius,2153.79,13491.0,15493.0,54343.0,,,,,,,2.12
Roy,Elibe,2152.17,28982.0,,,,,,,,,4.51
Byleth (M),Fodlan,2131.52,,,,10410.0,12528.0,10102.0,12683.0,10663.0,14345.0,2.03
Bernadetta,Fodlan,2118.08,,,,37400.0,12281.0,19335.0,14252.0,19600.0,,2.34
Robin (M),Ylisse,2080.86,14149.0,10912.0,16316.0,9898.0,8176.0,11584.0,18401.0,,,1.64
Fomortiis,Magvel,2079.75,,,,,,,,,9066.0,8.88
Corrin (F),Fates,2043.83,19599.0,13833.0,17679.0,9079.0,8600.0,14673.0,14369.0,,,1.38
Azura,Fates,2029.18,14198.0,20430.0,14798.0,6264.0,4870.0,10260.0,7383.0,8466.0,9260.0,1.27
Ivy,Elyos,1940.06,,,,,,,,9082.0,8748.0,2.95
Alear (F),Elyos,1911.04,,,,,,,,8316.0,6480.0,2.95
Yunaka,Elyos,1858.03,,,,,,,,10035.0,7048.0,3.46
Soren,Tellius,1845.61,9718.0,6298.0,9919.0,6873.0,5829.0,17416.0,18051.0,,,1.94
Diamant,Elyos,1835.23,,,,,,,,6356.0,4117.0,3.15
Robin (F),Ylisse,1814.84,10387.0,5481.0,34626.0,7352.0,5466.0,8737.0,9075.0,12319.0,,1.99
Hilda (FE16),Fodlan,1756.27,,,,11702.0,6981.0,13205.0,7026.0,4061.0,4560.0,2.41
Tharja,Ylisse,1691.9,29540.0,12459.0,11384.0,7674.0,4764.0,4845.0,5078.0,5335.0,4172.0,2.37
Yuri,Fodlan,1688.65,,,,,9852.0,7869.0,5320.0,3648.0,3184.0,2.72
Sylvain,Fodlan,1668.7,,,,9132.0,4970.0,4764.0,4608.0,3100.0,5611.0,2.5
Höðr (Hodr),Heroes,1626.47,,,,,,,,,2605.0,2.3
Alear (M),Elyos,1620.17,,,,,,,,4421.0,2569.0,2.04
Veyle,Elyos,1613.68,,,,,,,,4233.0,2567.0,2.13
Alcryst,Elyos,1601.9,,,,,,,,4728.0,2228.0,1.95
Alfonse,Heroes,1597.74,,5542.0,7363.0,4859.0,3985.0,4392.0,6832.0,13286.0,,1.88
Tsubasa/Caeda,TMS #FE,1580.32,,,,4410.0,2319.0,2566.0,4709.0,4092.0,7155.0,2.0
Ashe,Fodlan,1573.93,,,,9288.0,6632.0,4181.0,3575.0,2003.0,2154.0,2.05
Dorothea,Fodlan,1573.82,,,,15212.0,4694.0,7706.0,4529.0,2929.0,3213.0,2.01
Shez (M),Fodlan,1571.89,,,,,,,3956.0,3839.0,2237.0,2.13
Freyja,Heroes,1570.08,,,,,2332.0,4180.0,4389.0,5075.0,3458.0,2.29
Black Knight,Tellius,1559.29,10195.0,3895.0,7461.0,5247.0,3026.0,3530.0,5340.0,5084.0,5221.0,1.74
Lapis,Elyos,1555.88,,,,,,,,3423.0,1913.0,2.03
Shez (F),Fodlan,1552.38,,,,,,,3990.0,2964.0,2038.0,2.21
Mia,Tellius,1548.94,13354.0,9334.0,8395.0,5031.0,3114.0,3117.0,3038.0,2637.0,2291.0,2.1
Itsuki/Chrom,TMS #FE,1547.43,,,,4096.0,4032.0,3208.0,4028.0,3696.0,3426.0,2.08
Rosado,Elyos,1540.68,,,,,,,,3235.0,828.0,1.87
Sigurd,Jugdral,1532.71,5282.0,4736.0,8975.0,6198.0,3595.0,5121.0,7142.0,8058.0,10597.0,1.91
Alfred,Elyos,1524.02,,,,,,,,2171.0,1017.0,1.82
Ingrid,Fodlan,1521.42,,,,5543.0,3164.0,3012.0,2402.0,1251.0,1230.0,1.9
Eliwood,Elibe,1520.88,8709.0,7749.0,45410.0,,,,,,,1.8
Tiki (FE13),Ylisse,1520.46,9794.0,5001.0,7793.0,3137.0,3551.0,39705.0,,,,1.88
Takumi,Fates,1520.16,12662.0,10407.0,9118.0,4013.0,3148.0,3133.0,2743.0,2491.0,2404.0,1.78
Céline (Celine),Elyos,1518.72,,,,,,,,1722.0,1046.0,1.83
Nino,Elibe,1518.03,7825.0,15532.0,10682.0,5144.0,3351.0,3288.0,2881.0,1769.0,1885.0,2.11
Goldmary,Elyos,1515.7,,,,,,,,2813.0,950.0,1.78
Seliph,Jugdral,1515.44,2695.0,2137.0,7105.0,15593.0,6433.0,26301.0,,,,1.42
Anna (FE13),Ylisse,1512.87,8431.0,3446.0,38916.0,12137.0,2399.0,4764.0,4952.0,1014.0,706.0,1.67
Nel,Elyos,1512.31,,,,,,,,1961.0,853.0,1.69
Timerra,Elyos,1512.3,,,,,,,,1795.0,921.0,1.67
Níðhöggr (Nidhoggr),Heroes,1511.4,,,,,,,,1222.0,955.0,1.7
Loki,Heroes,1510.7,,16811.0,14745.0,4428.0,1613.0,1393.0,686.0,735.0,573.0,1.52
Corrin (M),Fates,1508.85,7691.0,2954.0,3825.0,2294.0,2027.0,2681.0,3528.0,3797.0,3012.0,1.66
Leo,Fates,1508.22,12175.0,7162.0,9836.0,3193.0,2018.0,2291.0,2967.0,2684.0,2064.0,1.9
Cordelia,Ylisse,1507.86,14362.0,9547.0,8403.0,2834.0,1902.0,1995.0,1288.0,1230.0,1077.0,1.75
Sharena,Heroes,1507.3,,5037.0,5124.0,1780.0,1097.0,1550.0,6757.0,6782.0,11381.0,1.43
Nowi,Ylisse,1506.92,10571.0,7705.0,6301.0,2596.0,1531.0,1644.0,1094.0,843.0,873.0,1.75
Nephenee,Tellius,1506.44,13473.0,5994.0,7995.0,2913.0,1855.0,2137.0,1567.0,1548.0,1373.0,1.81
Lilina,Elibe,1505.91,5730.0,7993.0,8413.0,4859.0,2759.0,3808.0,3174.0,2519.0,1869.0,1.85
Panette,Elyos,1505.59,,,,,,,,2614.0,550.0,1.41
Leif,Jugdral,1505.08,2489.0,10529.0,4155.0,1828.0,1594.0,1710.0,4924.0,5855.0,3783.0,1.54
Citrinne,Elyos,1505.0,,,,,,,,1134.0,664.0,1.68
Petra,Fodlan,1503.62,,,,4374.0,2328.0,2514.0,2338.0,1347.0,809.0,1.63
Rhea,Fodlan,1503.03,,,,5627.0,4295.0,2092.0,1298.0,936.0,661.0,1.64
Etie,Elyos,1502.55,,,,,,,,813.0,895.0,1.61
Sothis,Fodlan,1501.85,,,,6967.0,3097.0,2121.0,1400.0,913.0,731.0,1.75
Annette,Fodlan,1501.31,,,,5165.0,2299.0,2470.0,1487.0,865.0,998.0,1.61
Elincia,Tellius,1501.0,3360.0,3442.0,4391.0,2132.0,2330.0,3393.0,5405.0,3533.0,2591.0,1.6
Touma/Cain,TMS #FE,1500.37,,,,1760.0,1286.0,2219.0,2679.0,3364.0,2421.0,1.54
Ferdinand,Fodlan,1500.24,,,,4584.0,1671.0,1497.0,2916.0,984.0,661.0,1.68
Fjorm,Heroes,1500.22,,5153.0,5449.0,2654.0,1633.0,2215.0,1472.0,1478.0,1274.0,1.57
Linhardt,Fodlan,1499.0,,,,4591.0,3262.0,1493.0,1266.0,1064.0,775.0,1.55
Mercedes,Fodlan,1498.97,,,,2890.0,1796.0,1724.0,1411.0,915.0,815.0,1.79
Hubert,Fodlan,1498.5,,,,2453.0,2106.0,1887.0,1725.0,1300.0,1185.0,1.55
Pandreo,Elyos,1497.53,,,,,,,,1359.0,537.0,1.51
Nil/Rafal,Elyos,1497.47,,,,,,,,800.0,694.0,1.54
Heiðrún (Heidrun),Heroes,1497.21,,,,,,,,,542.0,1.54
Dedue,Fodlan,1496.95,,,,3495.0,7195.0,1183.0,805.0,651.0,508.0,1.42
Tiki (TMS),TMS #FE,1496.34,,,,4161.0,1591.0,1952.0,1024.0,906.0,685.0,1.59
Ayra,Jugdral,1495.66,4489.0,4800.0,5011.0,2166.0,1400.0,1830.0,1514.0,902.0,712.0,1.65
Ranulf,Tellius,1495.52,3128.0,6312.0,8464.0,1127.0,917.0,999.0,586.0,709.0,568.0,1.29
Tiki (FE01/11),Archanea,1494.61,6729.0,5309.0,6079.0,3031.0,1771.0,2216.0,932.0,752.0,654.0,1.45
Nerþuz (Nerthuz),Heroes,1494.58,,,,,,,,1096.0,535.0,1.48
Hortensia,Elyos,1494.47,,,,,,,,1594.0,522.0,1.55
Ninian,Elibe,1494.28,2799.0,6442.0,4223.0,2796.0,1498.0,1888.0,1155.0,1218.0,1020.0,1.52
Hapi,Fodlan,1494.23,,,,,3034.0,1490.0,1426.0,852.0,673.0,1.5
Caeda,Archanea,1493.99,7243.0,3999.0,5009.0,2400.0,1535.0,2761.0,2617.0,1542.0,1760.0,1.59
Constance,Fodlan,1493.82,,,,,3522.0,1476.0,1063.0,640.0,649.0,1.57
Bruno,Heroes,1492.79,,3403.0,13483.0,2831.0,1206.0,1583.0,1130.0,713.0,542.0,1.45
Plumeria,Heroes,1492.78,,,,20800.0,3875.0,1650.0,865.0,654.0,455.0,1.46
Xander,Fates,1492.64,7511.0,5669.0,4122.0,1947.0,1345.0,1979.0,912.0,891.0,893.0,1.39
Maiko,TMS #FE,1492.37,,,,2078.0,1507.0,1926.0,1007.0,918.0,853.0,1.63
Berkut,Valentia,1492.13,,4012.0,2907.0,2031.0,1526.0,1632.0,1437.0,1342.0,1109.0,1.56
Líf (Lif),Heroes,1492.08,,,11876.0,5771.0,1613.0,1222.0,812.0,619.0,577.0,1.54
Amber,Elyos,1491.64,,,,,,,,777.0,538.0,1.5
Fogado,Elyos,1491.21,,,,,,,,1086.0,431.0,1.54
Shamir,Fodlan,1490.69,,,,4452.0,1429.0,1365.0,932.0,695.0,522.0,1.57
Chloé (Chloe),Elyos,1490.64,,,,,,,,1036.0,514.0,1.45
Caspar,Fodlan,1489.53,,,,2987.0,2535.0,1214.0,876.0,668.0,525.0,1.44
Leonie,Fodlan,1488.39,,,,2503.0,1899.0,1289.0,778.0,591.0,541.0,1.49
Lyon,Magvel,1488.26,2434.0,2080.0,3128.0,1945.0,1303.0,2544.0,3580.0,3475.0,2298.0,1.33
Ryoma,Fates,1487.96,7248.0,8238.0,5367.0,1779.0,1148.0,1075.0,681.0,537.0,494.0,1.4
Laegjarn,Heroes,1487.8,,,7015.0,2753.0,1283.0,1318.0,836.0,607.0,475.0,1.43
Anna (FE17),Elyos,1487.65,,,,,,,,888.0,481.0,1.42
Henriette,Heroes,1487.56,,,,,5211.0,844.0,375.0,367.0,249.0,1.18
Lute,Magvel,1487.19,9176.0,2998.0,2369.0,3047.0,3765.0,995.0,697.0,567.0,585.0,1.42
Merrin,Elyos,1486.94,,,,,,,,1285.0,372.0,1.4
Lon'qu,Ylisse,1486.24,10002.0,2461.0,2889.0,1321.0,901.0,1026.0,691.0,742.0,720.0,1.38
Boucheron,Elyos,1486.15,,,,,,,,678.0,497.0,1.61
Catria,Archanea,1485.71,2736.0,3596.0,4844.0,2350.0,1569.0,1497.0,987.0,979.0,840.0,1.53
Severa,Ylisse,1485.53,6060.0,3275.0,4568.0,2682.0,2612.0,1821.0,1203.0,588.0,510.0,1.48
Felicia,Fates,1485.52,9121.0,4677.0,5216.0,1918.0,1111.0,1448.0,828.0,784.0,558.0,1.35
Grima,Ylisse,1485.28,2333.0,2739.0,3900.0,1517.0,1125.0,919.0,737.0,1021.0,1473.0,1.36
Lorenz (FE16),Fodlan,1485.24,,,,2668.0,1467.0,1115.0,776.0,597.0,602.0,1.45
Framme,Elyos,1485.21,,,,,,,,979.0,369.0,1.4
Morgan (F),Ylisse,1485.17,6163.0,8394.0,3649.0,1767.0,1010.0,922.0,662.0,839.0,1043.0,1.44
Mauvier,Elyos,1484.77,,,,,,,,1189.0,268.0,1.25
Owain,Ylisse,1484.56,8383.0,7835.0,3117.0,1267.0,848.0,1290.0,682.0,562.0,676.0,1.33
Finn,Jugdral,1484.44,3606.0,3969.0,2440.0,1625.0,1273.0,1362.0,1066.0,1245.0,1045.0,1.36
Yashiro/Navarre,TMS #FE,1484.39,,,,1228.0,1272.0,1260.0,739.0,683.0,535.0,1.32
Seiðr (Seidr),Heroes,1484.39,,,,,,,625.0,928.0,481.0,1.34
Celica,Valentia,1483.85,2374.0,36302.0,,,,,,,,1.24
Askr,Heroes,1483.73,,,,,,,1383.0,665.0,330.0,1.35
Zelkov,Elyos,1483.47,,,,,,,,632.0,508.0,1.32
Anna (Heroes),Heroes,1483.01,,3224.0,13224.0,3070.0,638.0,748.0,519.0,376.0,493.0,1.29
Marisa,Magvel,1482.9,5398.0,4293.0,2565.0,1694.0,813.0,1006.0,639.0,611.0,627.0,1.34
Ishtar,Jugdral,1482.71,2076.0,4935.0,5387.0,1870.0,1049.0,1258.0,712.0,689.0,557.0,1.32
Kagetsu,Elyos,1482.57,,,,,,,,971.0,333.0,1.29
Soleil,Fates,1482.25,4333.0,2773.0,2772.0,4639.0,1061.0,1226.0,709.0,574.0,501.0,1.27
Arval,Fodlan,1482.16,,,,,,,1247.0,564.0,370.0,1.36
Sakura,Fates,1482.11,7782.0,3146.0,3120.0,1467.0,985.0,1154.0,674.0,678.0,695.0,1.34
Zelgius,Tellius,1481.82,1488.0,2054.0,4884.0,2441.0,1638.0,1507.0,1035.0,747.0,572.0,1.32
Alm,Valentia,1481.75,1907.0,18716.0,62216.0,,,,,,,1.18
Altina,Tellius,1481.29,,,,,1111.0,656.0,756.0,773.0,434.0,1.28
Myrrh,Magvel,1481.17,2317.0,4688.0,5087.0,2066.0,1160.0,1447.0,816.0,597.0,521.0,1.34
Tibarn,Tellius,1480.17,2710.0,6611.0,3223.0,1646.0,1061.0,901.0,507.0,469.0,402.0,1.25
Henry,Ylisse,1479.85,12131.0,3101.0,2594.0,1242.0,928.0,1029.0,616.0,615.0,792.0,1.32
Ash,Heroes,1479.48,,,,,,1242.0,715.0,346.0,314.0,1.24
Jade,Elyos,1479.2,,,,,,,,532.0,382.0,1.26
Hinoka,Fates,1478.59,6851.0,4489.0,3538.0,1345.0,909.0,833.0,483.0,496.0,391.0,1.21
Selkie,Fates,1478.55,4800.0,8855.0,9770.0,1566.0,763.0,725.0,450.0,402.0,412.0,1.21
Hræsvelgr (Hraesvelgr),Heroes,1478.42,,,,,,,,769.0,284.0,1.17
Griss,Elyos,1478.15,,,,,,,,605.0,356.0,1.18
Laevatein,Heroes,1478.1,,7199.0,4603.0,1363.0,719.0,723.0,396.0,258.0,237.0,1.32
Minerva,Archanea,1478.07,3422.0,2390.0,2911.0,1294.0,787.0,870.0,685.0,585.0,523.0,1.2
Elise,Fates,1477.67,8962.0,4644.0,2783.0,1083.0,755.0,781.0,537.0,481.0,459.0,1.16
Joshua,Magvel,1477.55,8623.0,2587.0,2609.0,2575.0,723.0,766.0,568.0,428.0,462.0,1.19
Kvasir,Heroes,1477.04,,,,,,,,749.0,222.0,1.15
Reinhardt,Jugdral,1476.93,137.0,15931.0,10793.0,4963.0,2339.0,2377.0,2227.0,1242.0,1348.0,1.1
Shinon,Tellius,1476.9,2753.0,2273.0,3139.0,2576.0,656.0,669.0,405.0,411.0,411.0,1.15
Gregory,Elyos,1476.66,,,,,,,,533.0,256.0,1.17
Katarina,Archanea,1476.58,2162.0,1750.0,2288.0,1024.0,799.0,709.0,519.0,503.0,514.0,1.12
Rodrigue,Fodlan,1476.58,,,,796.0,694.0,595.0,605.0,463.0,561.0,1.07
Ilyana,Tellius,1476.53,3554.0,3485.0,4022.0,1469.0,577.0,567.0,393.0,369.0,367.0,1.24
Seiros,Fodlan,1476.47,,,,4145.0,2861.0,979.0,393.0,272.0,240.0,1.13
Lumera,Elyos,1476.16,,,,,,,,461.0,298.0,1.12
Louis,Elyos,1476.08,,,,,,,,614.0,294.0,1.17
Delthea,Valentia,1475.88,346.0,5643.0,3331.0,1386.0,826.0,887.0,602.0,508.0,513.0,1.11
Cherche,Ylisse,1475.82,4498.0,2108.0,5473.0,946.0,709.0,976.0,397.0,376.0,294.0,1.1
Thórr (Thorr),Heroes,1475.77,,,,,,1148.0,457.0,350.0,314.0,1.18
Jeritza,Fodlan,1475.71,,,,935.0,712.0,759.0,521.0,410.0,393.0,1.15
Jean,Elyos,1475.7,,,,,,,,438.0,305.0,1.14
Idunn,Elibe,1475.63,1026.0,1697.0,3222.0,1505.0,733.0,769.0,467.0,462.0,394.0,1.16
Niles,Fates,1475.51,8703.0,3237.0,2332.0,1010.0,683.0,745.0,479.0,444.0,325.0,1.15
Olivia,Ylisse,1475.5,5889.0,2615.0,2628.0,1104.0,602.0,697.0,515.0,448.0,346.0,1.2
Seth,Magvel,1475.4,3763.0,1524.0,1562.0,883.0,576.0,1616.0,691.0,700.0,593.0,1.09
Kiria/Tharja,TMS #FE,1475.4,,,,1589.0,830.0,792.0,408.0,370.0,285.0,1.16
L'Arachel,Magvel,1475.24,2425.0,2338.0,1495.0,714.0,585.0,1039.0,762.0,793.0,519.0,1.1
Clanne,Elyos,1475.21,,,,,,,,602.0,227.0,1.14
Eldigan,Jugdral,1475.09,2256.0,1621.0,2574.0,1106.0,747.0,757.0,447.0,428.0,367.0,1.15
Fae,Elibe,1475.07,1332.0,3521.0,2245.0,1078.0,793.0,768.0,518.0,441.0,455.0,1.14
Scarlet,Fates,1474.99,1848.0,1417.0,1696.0,696.0,647.0,944.0,801.0,641.0,648.0,1.12
Manuela,Fodlan,1474.93,,,,1133.0,941.0,806.0,386.0,297.0,299.0,1.14
Charlotte,Fates,1474.77,3924.0,3521.0,3704.0,1687.0,1438.0,579.0,342.0,299.0,266.0,1.1
Athos,Elibe,1474.76,591.0,1499.0,2080.0,1409.0,907.0,982.0,655.0,630.0,645.0,1.06
Faye,Valentia,1474.72,,2854.0,1978.0,1292.0,745.0,624.0,368.0,345.0,353.0,1.19
Julia,Jugdral,1474.71,624.0,1749.0,1888.0,1109.0,1340.0,1207.0,1000.0,780.0,614.0,1.04
Arvis,Jugdral,1474.61,1150.0,1058.0,1387.0,879.0,761.0,934.0,607.0,583.0,623.0,1.07
Ogma,Archanea,1474.38,3189.0,1450.0,2044.0,1141.0,738.0,653.0,434.0,383.0,341.0,1.1
Heiðr (Heidr),Heroes,1474.37,,,,,,,904.0,430.0,166.0,1.07
Inigo,Ylisse,1474.34,4599.0,2148.0,1940.0,867.0,738.0,711.0,555.0,360.0,402.0,1.09
Kagero,Fates,1474.31,3265.0,2821.0,2146.0,939.0,585.0,744.0,412.0,407.0,287.0,1.12
Navarre,Archanea,1474.0,3374.0,1699.0,2437.0,1289.0,612.0,707.0,459.0,421.0,424.0,1.09
Jill,Tellius,1473.95,2975.0,3854.0,4872.0,6999.0,470.0,534.0,313.0,307.0,286.0,1.11
Amelia,Magvel,1473.79,3214.0,2098.0,1667.0,862.0,458.0,708.0,427.0,326.0,416.0,1.03
Lissa,Ylisse,1473.65,5279.0,2068.0,1944.0,916.0,570.0,784.0,421.0,379.0,330.0,1.08
Embla,Heroes,1473.61,,,,,,,788.0,298.0,190.0,1.07
Mist,Tellius,1473.55,2972.0,1444.0,1765.0,1021.0,746.0,814.0,593.0,621.0,582.0,1.09
Haar,Tellius,1473.53,3558.0,4784.0,6520.0,765.0,482.0,554.0,292.0,282.0,204.0,1.1
Triandra,Heroes,1473.52,,,,3889.0,805.0,487.0,309.0,225.0,197.0,1.12
Palla,Archanea,1473.03,1316.0,1509.0,2171.0,789.0,580.0,713.0,504.0,441.0,448.0,1.13
Donnel,Ylisse,1472.99,10479.0,1876.0,1835.0,824.0,439.0,635.0,429.0,264.0,294.0,1.11
Eir,Heroes,1472.96,,,6224.0,1222.0,491.0,510.0,303.0,253.0,216.0,1.05
Florina,Elibe,1472.93,4012.0,1742.0,1656.0,1083.0,636.0,692.0,362.0,357.0,304.0,1.08
Stefan,Tellius,1472.89,1225.0,1003.0,1317.0,871.0,765.0,914.0,650.0,913.0,939.0,1.03
Sothe,Tellius,1472.85,3332.0,1133.0,1521.0,974.0,618.0,698.0,443.0,392.0,327.0,1.08
Gaius,Ylisse,1472.82,9465.0,1827.0,1605.0,749.0,532.0,465.0,362.0,334.0,350.0,1.06
Boyd,Tellius,1472.72,1201.0,1252.0,1406.0,1101.0,1042.0,1454.0,462.0,418.0,388.0,1.05
Ophelia,Fates,1472.58,3639.0,3812.0,2623.0,982.0,575.0,611.0,398.0,306.0,274.0,1.09
Fir,Elibe,1472.46,1818.0,1434.0,1739.0,865.0,648.0,673.0,437.0,371.0,336.0,1.05
Peri,Fates,1472.36,3892.0,1483.0,1573.0,697.0,550.0,550.0,363.0,403.0,330.0,1.08
Lucia,Tellius,1472.31,1352.0,1550.0,1704.0,977.0,861.0,1135.0,732.0,215.0,161.0,1.07
Gunnthrá,Heroes,1472.25,,2407.0,2985.0,968.0,437.0,536.0,341.0,264.0,225.0,1.03
Rune,Heroes,1472.19,,,,,,,,,257.0,1.06
Tana,Magvel,1472.16,2849.0,1979.0,1495.0,1129.0,454.0,542.0,404.0,276.0,269.0,1.07
Sanaki,Tellius,1472.02,1828.0,1955.0,1555.0,961.0,544.0,602.0,383.0,353.0,276.0,1.06
Seteth,Fodlan,1471.92,,,,2954.0,584.0,561.0,369.0,356.0,242.0,1.06
Sonia,Elibe,1471.85,665.0,771.0,1069.0,771.0,1109.0,1410.0,2218.0,2272.0,150.0,0.97
Wrys,Archanea,1471.84,2669.0,4838.0,3777.0,836.0,415.0,543.0,276.0,236.0,243.0,1.04
Ratatoskr,Heroes,1471.8,,,,,,,,339.0,253.0,1.05
Rinea,Valentia,1471.79,,3206.0,4699.0,660.0,396.0,488.0,323.0,355.0,303.0,1.01
Linde,Archanea,1471.72,2018.0,2385.0,1966.0,897.0,443.0,451.0,384.0,288.0,223.0,1.06
Beruka,Fates,1471.67,2561.0,1357.0,1497.0,697.0,560.0,595.0,399.0,488.0,453.0,1.04
Hríd (Hrid),Heroes,1471.63,,,3756.0,935.0,374.0,460.0,352.0,380.0,302.0,1.05
Ignatz,Fodlan,1471.52,,,,995.0,851.0,501.0,257.0,221.0,210.0,1.06
Surtr,Heroes,1471.39,,3769.0,6325.0,1481.0,473.0,374.0,179.0,182.0,121.0,1.06
Eitr,Heroes,1471.36,,,,,,,,421.0,176.0,1.06
Eleonora/Virion,TMS #FE,1471.21,,,,983.0,586.0,565.0,281.0,255.0,184.0,1.03
Fáfnir (Fafnir),Heroes,1471.06,,,,,532.0,732.0,329.0,275.0,218.0,1.09
Larcei,Jugdral,1471.01,1876.0,1508.0,2514.0,896.0,566.0,556.0,322.0,429.0,259.0,1.08
Keaton,Fates,1470.96,3724.0,5989.0,4100.0,778.0,360.0,453.0,228.0,226.0,178.0,1.03
Zelestia,Elyos,1470.88,,,,,,,,399.0,195.0,1.05
Kris (M),Archanea,1470.87,736.0,1260.0,2063.0,1662.0,499.0,498.0,278.0,277.0,348.0,1.01
Rutger,Elibe,1470.72,2297.0,1561.0,1901.0,551.0,488.0,541.0,343.0,322.0,346.0,1.08
Flame Emperor,Fodlan,1470.7,,,,759.0,622.0,,,,,1.07
Lachesis,Jugdral,1470.68,1394.0,1368.0,1270.0,774.0,485.0,477.0,342.0,295.0,264.0,1.03
Edward,Tellius,1470.68,1446.0,1103.0,1138.0,818.0,670.0,836.0,724.0,660.0,172.0,1.0
Flayn,Fodlan,1470.67,,,,3016.0,665.0,655.0,313.0,186.0,157.0,0.99
Titania,Tellius,1470.65,3757.0,1311.0,1611.0,718.0,377.0,512.0,433.0,530.0,381.0,1.04
Lewyn,Jugdral,1470.57,1626.0,3579.0,1533.0,929.0,668.0,542.0,347.0,293.0,256.0,1.05
Sophia,Elibe,1470.5,3150.0,1436.0,1491.0,847.0,568.0,551.0,390.0,380.0,352.0,1.03
Barry,TMS #FE,1470.46,,,,836.0,458.0,730.0,331.0,244.0,211.0,1.09
Tormod,Tellius,1470.41,1015.0,695.0,864.0,618.0,673.0,829.0,696.0,739.0,330.0,0.99
Ayaha/Aversa,TMS #FE,1470.39,,,,922.0,427.0,541.0,294.0,243.0,180.0,1.05
Thrasir,Heroes,1470.31,,,7045.0,1415.0,598.0,462.0,362.0,257.0,141.0,1.09
Eitri,Heroes,1470.15,,,,,,1092.0,335.0,187.0,175.0,0.98
Lucius,Elibe,1470.04,2204.0,1502.0,1047.0,719.0,481.0,495.0,344.0,326.0,292.0,1.08
Mareeta,Jugdral,1469.99,836.0,1043.0,1585.0,627.0,596.0,597.0,417.0,331.0,272.0,1.03
Kaze,Fates,1469.9,4069.0,4021.0,1058.0,588.0,328.0,304.0,314.0,279.0,232.0,0.98
Nifl,Heroes,1469.86,,,,,,586.0,369.0,233.0,223.0,1.04
Dagr,Heroes,1469.83,,,,,,787.0,285.0,249.0,178.0,1.0
Camus,Archanea,1469.82,1829.0,2209.0,2406.0,1061.0,421.0,493.0,302.0,270.0,202.0,1.03
Noire,Ylisse,1469.7,2786.0,2227.0,1138.0,485.0,361.0,429.0,267.0,279.0,151.0,1.0
Mirabilis,Heroes,1469.7,,,,,619.0,391.0,243.0,354.0,203.0,1.05
Nyx,Fates,1469.67,2562.0,2231.0,2613.0,1465.0,1123.0,262.0,191.0,159.0,165.0,1.0
Abysskeeper,Fodlan,1469.55,,,,,753.0,1374.0,292.0,199.0,100.0,0.97
Mitama,Fates,1469.54,1051.0,714.0,857.0,414.0,535.0,901.0,659.0,446.0,348.0,0.99
Ced,Jugdral,1469.49,1422.0,1655.0,2115.0,783.0,461.0,439.0,344.0,232.0,263.0,1.05
Volug,Tellius,1469.48,838.0,839.0,1100.0,684.0,507.0,822.0,576.0,482.0,396.0,0.99
Anankos,Fates,1469.43,1293.0,1325.0,1900.0,781.0,545.0,717.0,542.0,197.0,136.0,1.0
Dwyer,Fates,1469.38,2048.0,1291.0,1881.0,1024.0,847.0,955.0,162.0,133.0,171.0,1.04
Lethe,Tellius,1469.36,2616.0,4186.0,4283.0,584.0,337.0,290.0,207.0,210.0,200.0,1.0
Sombron,Elyos,1469.32,,,,,,,,247.0,194.0,1.04
Hana,Fates,1469.32,3394.0,1413.0,1345.0,646.0,462.0,355.0,270.0,280.0,257.0,1.02
Cyril,Fodlan,1469.29,,,,673.0,551.0,807.0,1150.0,180.0,100.0,0.97
Jaffar,Elibe,1469.14,3921.0,1456.0,1438.0,627.0,384.0,404.0,225.0,212.0,225.0,1.02
Matthew,Elibe,1469.13,3565.0,912.0,914.0,530.0,376.0,421.0,287.0,307.0,493.0,0.97
Rinkah,Fates,1469.03,3142.0,2972.0,4051.0,2159.0,272.0,302.0,265.0,251.0,208.0,1.01
Mozu,Fates,1469.02,1990.0,1226.0,1351.0,694.0,642.0,699.0,545.0,489.0,75.0,0.98
Setsuna,Fates,1469.0,3292.0,1366.0,1178.0,497.0,337.0,398.0,288.0,370.0,273.0,1.0
Lloyd (FE07),Elibe,1468.9,1617.0,768.0,826.0,567.0,484.0,520.0,405.0,558.0,230.0,1.01
Guy,Elibe,1468.85,1889.0,1400.0,1289.0,793.0,646.0,663.0,127.0,103.0,1073.0,0.99
Anna (FE14),Fates,1468.81,5065.0,1953.0,4031.0,880.0,273.0,360.0,264.0,106.0,96.0,1.0
Xane,Archanea,1468.81,1032.0,1291.0,1712.0,1489.0,298.0,399.0,230.0,225.0,404.0,0.97
Elm,Heroes,1468.74,,,,,,484.0,326.0,151.0,220.0,0.98
Éve (Eve),Elyos,1468.53,,,,,,,,257.0,206.0,1.01
Canas,Elibe,1468.51,2450.0,2827.0,831.0,474.0,299.0,352.0,264.0,243.0,216.0,0.99
Wolt,Elibe,1468.5,969.0,654.0,844.0,600.0,496.0,461.0,330.0,364.0,416.0,0.98
Aversa,Ylisse,1468.44,2538.0,5033.0,1998.0,618.0,340.0,333.0,255.0,180.0,133.0,1.02
Shura,Fates,1468.44,1281.0,688.0,874.0,533.0,444.0,489.0,410.0,389.0,341.0,1.02
Selena (FE14),Fates,1468.35,4683.0,1650.0,1462.0,554.0,410.0,399.0,216.0,168.0,180.0,0.95
Sain,Elibe,1468.28,2031.0,1555.0,1280.0,1091.0,816.0,995.0,143.0,134.0,89.0,0.99
Raphael,Fodlan,1468.25,,,,1115.0,483.0,505.0,266.0,210.0,164.0,1.04
Balthus,Fodlan,1468.23,,,,,1147.0,351.0,299.0,204.0,139.0,0.96
Madeline,Elyos,1468.18,,,,,,,,201.0,237.0,1.02
Kliff,Valentia,1468.18,239.0,5995.0,1680.0,811.0,482.0,463.0,288.0,251.0,223.0,0.97
Raven,Elibe,1468.16,2233.0,978.0,972.0,572.0,398.0,352.0,313.0,262.0,307.0,1.0
Velouria,Fates,1468.14,3339.0,4553.0,4773.0,706.0,420.0,292.0,177.0,156.0,165.0,0.98
Effie,Fates,1468.09,1974.0,2392.0,1952.0,694.0,381.0,385.0,226.0,418.0,183.0,1.01
Jakob,Fates,1468.05,4681.0,1082.0,1189.0,595.0,429.0,327.0,204.0,238.0,251.0,0.99
Flora,Fates,1468.01,2939.0,2932.0,1115.0,560.0,343.0,389.0,239.0,248.0,171.0,0.99
Volke,Tellius,1467.97,1632.0,1554.0,1677.0,1079.0,978.0,289.0,146.0,167.0,118.0,1.0
Forrest,Fates,1467.85,2356.0,2194.0,2566.0,1292.0,235.0,330.0,204.0,130.0,149.0,0.98
Mae,Valentia,1467.82,131.0,1534.0,1132.0,555.0,417.0,503.0,399.0,472.0,455.0,0.93
Reina,Fates,1467.72,931.0,1291.0,991.0,550.0,394.0,628.0,492.0,84.0,97.0,0.96
Frederick,Ylisse,1467.71,3913.0,1268.0,1039.0,483.0,370.0,376.0,255.0,240.0,186.0,0.92
Greil,Tellius,1467.52,762.0,1550.0,2258.0,674.0,401.0,401.0,183.0,213.0,162.0,0.97
Caineghis,Tellius,1467.48,961.0,1954.0,3294.0,530.0,239.0,268.0,220.0,257.0,118.0,0.97
Merric,Archanea,1467.48,2493.0,816.0,1159.0,702.0,319.0,372.0,345.0,324.0,176.0,0.98
Sumia,Ylisse,1467.44,2982.0,4593.0,878.0,351.0,187.0,264.0,242.0,352.0,441.0,0.99
Laslow,Fates,1467.3,4287.0,1070.0,777.0,420.0,299.0,360.0,309.0,188.0,175.0,0.99
Kronya,Fodlan,1467.23,,,,684.0,287.0,424.0,275.0,176.0,181.0,1.0
Gustav,Heroes,1467.13,,,,,902.0,483.0,183.0,148.0,123.0,0.98
Jeralt,Fodlan,1466.94,,,,1098.0,723.0,997.0,192.0,102.0,74.0,0.97
Oboro,Fates,1466.9,4783.0,1479.0,1406.0,549.0,366.0,315.0,227.0,210.0,179.0,1.01
Erk,Elibe,1466.83,1951.0,1912.0,2040.0,1445.0,1085.0,229.0,125.0,128.0,122.0,0.96
Ginnungagap,Heroes,1466.83,,,,,,,,264.0,118.0,0.99
Kana (F),Fates,1466.8,2837.0,3199.0,1173.0,451.0,272.0,328.0,252.0,205.0,172.0,0.97
Lambert,Fodlan,1466.78,,,,284.0,277.0,811.0,304.0,237.0,173.0,0.99
Rebecca,Elibe,1466.7,2414.0,679.0,787.0,495.0,280.0,565.0,316.0,181.0,142.0,0.98
Naesala,Tellius,1466.68,1656.0,2075.0,1047.0,581.0,421.0,393.0,238.0,246.0,193.0,1.01
Cornelia,Fodlan,1466.67,,,,1159.0,612.0,794.0,404.0,83.0,74.0,0.93
Gilliam,Magvel,1466.43,1142.0,918.0,848.0,693.0,554.0,607.0,426.0,94.0,65.0,0.94
Reginn,Heroes,1466.42,,,,,802.0,522.0,189.0,121.0,106.0,0.96
Silas,Fates,1466.42,2683.0,2032.0,837.0,344.0,311.0,373.0,232.0,213.0,164.0,0.95
Alois,Fodlan,1466.34,,,,564.0,369.0,360.0,210.0,196.0,175.0,1.01
Vander,Elyos,1466.23,,,,,,,,215.0,158.0,0.98
Lukas,Valentia,1466.21,146.0,2414.0,1623.0,732.0,500.0,530.0,335.0,230.0,213.0,0.98
Nah,Ylisse,1466.21,2003.0,2116.0,2909.0,381.0,233.0,263.0,238.0,186.0,131.0,1.01
Nemesis,Fodlan,1466.17,,,,1427.0,299.0,356.0,175.0,139.0,153.0,0.94
Monica (Hopes),Fodlan,1466.16,,,,,,,,293.0,117.0,0.95
Sonya,Valentia,1466.14,167.0,1706.0,1286.0,676.0,352.0,451.0,194.0,174.0,185.0,0.96
Shanna,Elibe,1466.13,1609.0,1200.0,944.0,503.0,380.0,365.0,235.0,261.0,205.0,1.0
Nils,Elibe,1466.09,730.0,3021.0,3140.0,2336.0,196.0,209.0,138.0,104.0,121.0,0.94
Morgan (M),Ylisse,1466.01,2216.0,2533.0,896.0,462.0,271.0,265.0,200.0,177.0,354.0,0.97
Deirdre,Jugdral,1465.91,492.0,916.0,1013.0,624.0,365.0,488.0,329.0,275.0,276.0,0.97
Jeorge,Archanea,1465.89,1214.0,965.0,904.0,586.0,374.0,380.0,236.0,232.0,183.0,0.96
Njörðr (Njordr),Heroes,1465.88,,,,,,,,187.0,153.0,0.98
Python,Valentia,1465.85,86.0,2354.0,2630.0,398.0,312.0,362.0,250.0,216.0,259.0,0.91
Þjazi (Thjazi),Heroes,1465.84,,,,,,,,,160.0,1.0
Kaden,Fates,1465.73,3836.0,4763.0,3817.0,466.0,210.0,228.0,123.0,112.0,130.0,0.9
Gordin,Archanea,1465.73,982.0,640.0,697.0,422.0,380.0,364.0,229.0,252.0,236.0,0.97
Genny,Valentia,1465.69,135.0,2482.0,1731.0,560.0,406.0,444.0,257.0,223.0,198.0,0.94
Læraðr (Laeradr),Heroes,1465.67,,,,,,,,,144.0,0.96
Maribelle,Ylisse,1465.65,3701.0,4662.0,770.0,302.0,197.0,244.0,174.0,150.0,172.0,0.94
Panne,Ylisse,1465.62,3061.0,4930.0,4774.0,403.0,210.0,274.0,173.0,118.0,89.0,0.94
Letizia,Heroes,1465.6,,,,,,1066.0,178.0,122.0,118.0,0.96
Michalis,Archanea,1465.59,610.0,1140.0,992.0,489.0,354.0,413.0,243.0,192.0,144.0,0.95
Vaike,Ylisse,1465.58,1096.0,668.0,771.0,470.0,388.0,507.0,405.0,495.0,61.0,0.95
Judith,Fodlan,1465.51,,,,313.0,242.0,340.0,243.0,172.0,129.0,0.96
Lehran,Tellius,1465.49,,,,,282.0,389.0,238.0,153.0,137.0,1.0
Subaki,Fates,1465.42,1768.0,839.0,764.0,410.0,354.0,369.0,181.0,164.0,171.0,1.02
Kris (F),Archanea,1465.34,373.0,600.0,1034.0,688.0,294.0,257.0,190.0,199.0,289.0,0.95
Patty,Jugdral,1465.27,448.0,536.0,749.0,757.0,527.0,593.0,519.0,100.0,106.0,0.95
Cormag,Magvel,1465.23,1308.0,2433.0,2943.0,285.0,202.0,267.0,234.0,201.0,185.0,0.98
Nailah,Tellius,1465.15,1206.0,2086.0,1368.0,446.0,172.0,341.0,148.0,188.0,91.0,0.97
Stahl,Ylisse,1465.14,2611.0,686.0,666.0,384.0,360.0,294.0,211.0,208.0,200.0,0.97
Freyr,Heroes,1465.07,,,,963.0,551.0,385.0,281.0,91.0,60.0,0.93
Clarisse,Archanea,1465.06,335.0,502.0,603.0,388.0,418.0,421.0,254.0,281.0,265.0,0.95
Kellam,Ylisse,1464.99,2129.0,1003.0,1014.0,489.0,328.0,446.0,397.0,80.0,112.0,0.94
Pelleas,Tellius,1464.97,608.0,698.0,846.0,965.0,948.0,336.0,110.0,162.0,150.0,0.93
Marni,Elyos,1464.93,,,,,,,,187.0,143.0,0.96
Reyson,Tellius,1464.86,982.0,2415.0,865.0,427.0,213.0,243.0,141.0,177.0,162.0,0.94
Meg,Tellius,1464.85,516.0,767.0,420.0,340.0,219.0,491.0,270.0,293.0,233.0,0.95
Clair,Valentia,1464.81,124.0,1270.0,1222.0,508.0,293.0,375.0,292.0,257.0,295.0,0.95
Ymir (Heroes),Heroes,1464.77,,,,,,,301.0,212.0,83.0,0.93
Franz,Magvel,1464.68,615.0,430.0,496.0,467.0,367.0,502.0,402.0,323.0,380.0,0.94
Seadall,Elyos,1464.65,,,,,,,,218.0,136.0,0.97
Arden,Jugdral,1464.64,3094.0,510.0,584.0,361.0,266.0,271.0,183.0,184.0,143.0,0.99
Peony,Heroes,1464.53,,,,855.0,264.0,266.0,190.0,187.0,114.0,0.95
Zihark,Tellius,1464.5,1552.0,792.0,1024.0,717.0,189.0,206.0,132.0,174.0,172.0,0.96
Sephiran,Tellius,1464.39,447.0,812.0,1135.0,1409.0,274.0,221.0,139.0,190.0,138.0,0.94
Knoll,Magvel,1464.38,997.0,1894.0,1346.0,983.0,176.0,189.0,133.0,148.0,92.0,0.95
Ursula,Elibe,1464.28,1534.0,952.0,728.0,395.0,277.0,239.0,202.0,165.0,137.0,0.95
Leanne,Tellius,1464.28,1437.0,2931.0,1368.0,403.0,199.0,255.0,145.0,144.0,114.0,0.91
Limstella,Elibe,1464.23,690.0,928.0,1180.0,803.0,725.0,756.0,151.0,88.0,69.0,0.95
Shannan,Jugdral,1464.16,531.0,852.0,1824.0,403.0,256.0,227.0,158.0,146.0,174.0,0.93
Julius,Jugdral,1464.05,349.0,963.0,504.0,472.0,318.0,359.0,235.0,222.0,205.0,0.92
Conrad,Valentia,1463.95,,2369.0,3152.0,418.0,174.0,208.0,156.0,141.0,87.0,0.94
Serra,Elibe,1463.93,2203.0,750.0,715.0,428.0,345.0,250.0,202.0,244.0,236.0,0.96
Saizo,Fates,1463.91,2221.0,560.0,654.0,330.0,362.0,367.0,294.0,166.0,139.0,0.93
Ares,Jugdral,1463.85,564.0,705.0,742.0,426.0,301.0,315.0,269.0,199.0,178.0,0.96
Kieran,Tellius,1463.81,677.0,444.0,508.0,341.0,336.0,341.0,236.0,296.0,314.0,0.93
Aran,Tellius,1463.76,648.0,499.0,427.0,315.0,285.0,320.0,247.0,222.0,260.0,0.95
Dieck,Elibe,1463.65,1176.0,980.0,1231.0,1071.0,227.0,305.0,194.0,145.0,72.0,0.94
Skrimir,Tellius,1463.63,244.0,435.0,790.0,376.0,279.0,386.0,435.0,234.0,179.0,0.93
Marcia,Tellius,1463.56,1352.0,748.0,860.0,571.0,649.0,184.0,124.0,112.0,113.0,0.95
Zephiel (FE06),Elibe,1463.52,808.0,704.0,711.0,393.0,257.0,258.0,180.0,164.0,130.0,0.95
Janaff,Tellius,1463.51,486.0,467.0,548.0,330.0,336.0,355.0,274.0,263.0,286.0,0.98
Tine,Jugdral,1463.45,490.0,448.0,757.0,825.0,625.0,677.0,112.0,121.0,95.0,0.91
Innes,Magvel,1463.44,1499.0,794.0,851.0,415.0,213.0,325.0,183.0,194.0,149.0,0.95
Rath,Elibe,1463.39,1544.0,2370.0,3091.0,1204.0,143.0,136.0,84.0,81.0,90.0,0.9
Libra,Ylisse,1463.17,1668.0,1434.0,526.0,352.0,241.0,215.0,161.0,135.0,116.0,0.93
Zephia,Elyos,1463.15,,,,,,,,158.0,107.0,0.95
Catherine,Fodlan,1463.11,,,,1232.0,200.0,225.0,128.0,120.0,90.0,0.92
Anna (FE01/11),Archanea,1463.1,1422.0,890.0,2007.0,650.0,169.0,219.0,119.0,73.0,92.0,0.94
Erinys,Jugdral,1463.09,545.0,443.0,1015.0,977.0,646.0,224.0,137.0,142.0,106.0,0.93
Lilith,Fates,1463.08,2279.0,2773.0,3495.0,1489.0,206.0,192.0,128.0,100.0,82.0,0.95
Vanessa,Magvel,1463.05,784.0,580.0,700.0,589.0,443.0,618.0,508.0,79.0,79.0,0.92
Garcia,Magvel,1463.04,1093.0,287.0,301.0,242.0,262.0,402.0,258.0,356.0,286.0,0.93
Caeldori,Fates,1462.94,3149.0,1832.0,1560.0,472.0,283.0,344.0,103.0,71.0,41.0,0.9
Oifey,Jugdral,1462.84,165.0,113.0,279.0,252.0,272.0,314.0,258.0,256.0,319.0,0.9
Arthur (FE04),Jugdral,1462.82,707.0,483.0,747.0,682.0,566.0,524.0,93.0,105.0,108.0,0.94
Helbindi,Heroes,1462.82,,,1257.0,460.0,219.0,201.0,196.0,165.0,79.0,0.94
Sophie,Fates,1462.81,913.0,600.0,619.0,471.0,230.0,266.0,216.0,133.0,156.0,0.97
Gerik,Magvel,1462.8,1489.0,1274.0,1889.0,251.0,128.0,175.0,130.0,109.0,113.0,0.92
Lugh,Elibe,1462.8,1119.0,1038.0,1131.0,273.0,155.0,185.0,93.0,130.0,152.0,0.94
Odin,Fates,1462.75,3256.0,764.0,623.0,260.0,214.0,193.0,154.0,139.0,106.0,0.92
Ross,Magvel,1462.72,2234.0,2205.0,2014.0,286.0,115.0,194.0,105.0,127.0,93.0,0.92
Selena (FE08),Magvel,1462.7,619.0,1236.0,3412.0,4469.0,145.0,170.0,106.0,92.0,85.0,0.93
Ismaire,Magvel,1462.67,308.0,468.0,542.0,306.0,282.0,429.0,234.0,234.0,243.0,0.93
Izana,Fates,1462.64,790.0,498.0,670.0,294.0,232.0,314.0,214.0,159.0,122.0,0.93
Silque,Valentia,1462.63,169.0,1720.0,2513.0,316.0,197.0,211.0,106.0,118.0,108.0,0.91
Quan,Jugdral,1462.62,823.0,2239.0,605.0,339.0,197.0,191.0,131.0,108.0,102.0,0.9
Nyna,Archanea,1462.61,446.0,1114.0,1428.0,792.0,417.0,712.0,98.0,77.0,67.0,0.92
Pent,Elibe,1462.6,1331.0,2239.0,2619.0,579.0,377.0,143.0,106.0,91.0,77.0,0.9
Emmeryn,Ylisse,1462.5,1325.0,1713.0,2419.0,1117.0,120.0,126.0,94.0,96.0,82.0,0.9
Neimi,Magvel,1462.46,999.0,763.0,781.0,511.0,390.0,137.0,89.0,83.0,165.0,0.95
Orochi,Fates,1462.45,1617.0,1516.0,1896.0,788.0,654.0,174.0,112.0,113.0,66.0,0.92
Priam,Ylisse,1462.43,1556.0,1214.0,1704.0,835.0,611.0,131.0,84.0,83.0,70.0,0.93
Altena,Jugdral,1462.4,294.0,744.0,1928.0,222.0,181.0,209.0,162.0,131.0,166.0,0.93
Muarim,Tellius,1462.34,574.0,633.0,754.0,489.0,380.0,405.0,107.0,108.0,76.0,0.95
Karla,Elibe,1462.27,653.0,884.0,644.0,279.0,227.0,300.0,142.0,169.0,151.0,0.93
Múspell (Muspell),Heroes,1462.27,,,,,,215.0,183.0,116.0,92.0,0.93
Wolf,Archanea,1462.26,906.0,924.0,973.0,610.0,453.0,164.0,146.0,95.0,158.0,0.92
Kurthnaga,Tellius,1462.25,346.0,731.0,928.0,715.0,425.0,181.0,93.0,124.0,106.0,0.94
Tatiana,Valentia,1462.24,59.0,1245.0,1555.0,983.0,772.0,195.0,138.0,79.0,80.0,0.9
Heather,Tellius,1462.21,599.0,534.0,703.0,426.0,306.0,511.0,376.0,100.0,65.0,0.94
Fiora,Elibe,1462.15,1246.0,883.0,1092.0,389.0,207.0,220.0,141.0,124.0,128.0,0.91
Gonzalez,Elibe,1462.14,767.0,857.0,667.0,519.0,529.0,571.0,85.0,52.0,64.0,0.95
Cecilia,Elibe,1462.12,1029.0,825.0,560.0,295.0,224.0,270.0,153.0,147.0,148.0,0.95
Nergal,Elibe,1462.04,262.0,430.0,591.0,435.0,327.0,351.0,295.0,255.0,39.0,0.93
Kiragi,Fates,1462.03,881.0,733.0,729.0,413.0,374.0,495.0,50.0,95.0,62.0,0.91
Rhys,Tellius,1462.01,734.0,459.0,575.0,462.0,210.0,220.0,151.0,130.0,136.0,0.94
Miklan,Fodlan,1462.0,,,,266.0,204.0,200.0,184.0,168.0,167.0,0.94
Artur,Magvel,1461.96,712.0,710.0,735.0,603.0,428.0,184.0,164.0,93.0,96.0,0.94
Luthier,Valentia,1461.93,104.0,1106.0,1506.0,1121.0,1233.0,141.0,116.0,106.0,94.0,0.89
Olwen,Jugdral,1461.93,885.0,898.0,576.0,339.0,213.0,227.0,184.0,230.0,205.0,0.91
Igrene,Elibe,1461.93,322.0,296.0,436.0,208.0,223.0,437.0,380.0,322.0,141.0,0.92
Azelle,Jugdral,1461.91,542.0,483.0,895.0,771.0,621.0,142.0,116.0,94.0,93.0,0.94
Gregor,Ylisse,1461.8,1456.0,968.0,976.0,529.0,496.0,632.0,65.0,50.0,49.0,0.89
Layla,Fates,1461.8,1090.0,637.0,637.0,400.0,159.0,237.0,138.0,126.0,108.0,0.91
Vika,Tellius,1461.77,681.0,799.0,1007.0,593.0,458.0,157.0,88.0,94.0,99.0,0.9
Naga,Ylisse,1461.76,1150.0,1965.0,3454.0,396.0,147.0,128.0,127.0,91.0,84.0,0.92
Bunet,Elyos,1461.75,,,,,,,,158.0,99.0,0.96
Linoan,Jugdral,1461.74,223.0,241.0,367.0,306.0,279.0,287.0,257.0,323.0,245.0,0.89
Ricken,Ylisse,1461.7,1235.0,982.0,1020.0,507.0,408.0,491.0,92.0,54.0,38.0,0.93
Tailtiu,Jugdral,1461.7,703.0,432.0,605.0,337.0,188.0,247.0,218.0,125.0,150.0,0.92
Midori,Fates,1461.68,1333.0,874.0,1061.0,610.0,160.0,138.0,124.0,76.0,92.0,0.93
Etzel,Archanea,1461.66,666.0,461.0,434.0,297.0,245.0,261.0,216.0,175.0,214.0,0.95
Astrid,Tellius,1461.62,1018.0,1445.0,1441.0,735.0,595.0,135.0,109.0,82.0,53.0,0.93
Uther,Elibe,1461.58,,,,,328.0,257.0,185.0,214.0,30.0,0.9
Marcus (FE07),Elibe,1461.57,414.0,424.0,415.0,278.0,194.0,262.0,160.0,111.0,136.0,0.94
Monica (FE16),Fodlan,1461.57,,,,348.0,224.0,307.0,1053.0,39.0,42.0,0.9
Brom,Tellius,1461.54,486.0,300.0,319.0,212.0,205.0,253.0,197.0,328.0,181.0,0.92
Narcian,Elibe,1461.51,1060.0,648.0,512.0,345.0,196.0,337.0,149.0,131.0,109.0,0.93
Valter,Magvel,1461.5,619.0,547.0,608.0,332.0,199.0,277.0,165.0,122.0,83.0,0.96
Kana (M),Fates,1461.5,1380.0,2284.0,510.0,237.0,138.0,167.0,130.0,120.0,87.0,0.92
Mila,Valentia,1461.46,,1953.0,2670.0,1741.0,167.0,180.0,91.0,65.0,50.0,0.9
Hanneman,Fodlan,1461.44,,,,249.0,182.0,270.0,209.0,161.0,140.0,0.93
Cynthia,Ylisse,1461.44,2069.0,1240.0,1556.0,263.0,143.0,144.0,115.0,123.0,123.0,0.93
Kent,Elibe,1461.42,991.0,627.0,594.0,457.0,427.0,565.0,84.0,92.0,76.0,0.94
Hel,Heroes,1461.34,,,3964.0,1287.0,193.0,192.0,108.0,69.0,83.0,0.9
Wil,Elibe,1461.34,1007.0,565.0,476.0,365.0,372.0,428.0,320.0,62.0,58.0,0.92
Ashunera,Tellius,1461.34,221.0,363.0,467.0,282.0,236.0,300.0,159.0,163.0,123.0,0.92
Oswin,Elibe,1461.33,598.0,530.0,548.0,390.0,240.0,322.0,220.0,205.0,29.0,0.93
Ashnard,Tellius,1461.31,465.0,983.0,1336.0,1027.0,130.0,105.0,84.0,77.0,74.0,0.91
Scáthach (Ulster),Jugdral,1461.31,430.0,248.0,361.0,491.0,394.0,477.0,97.0,108.0,93.0,0.91
Ullr,Jugdral,1461.3,,,,,,,,,99.0,0.94
Say'ri,Ylisse,1461.28,1756.0,1344.0,1721.0,957.0,137.0,147.0,106.0,93.0,80.0,0.93
Athena,Archanea,1461.26,920.0,655.0,785.0,352.0,221.0,214.0,161.0,118.0,140.0,0.95
Thea (Thite),Elibe,1461.2,685.0,537.0,659.0,178.0,181.0,193.0,182.0,132.0,92.0,0.96
Ylgr,Heroes,1461.16,,,1912.0,430.0,165.0,181.0,117.0,94.0,109.0,0.92
Saber,Valentia,1461.15,156.0,807.0,653.0,339.0,217.0,358.0,208.0,199.0,101.0,0.92
Sumeragi,Fates,1461.14,520.0,754.0,1003.0,297.0,161.0,239.0,134.0,99.0,101.0,0.95
Nótt (Nott),Heroes,1461.1,,,,,,402.0,138.0,88.0,79.0,0.97
Legault,Elibe,1461.09,1162.0,1276.0,381.0,256.0,188.0,146.0,140.0,143.0,172.0,0.93
Nolan,Tellius,1461.02,297.0,274.0,196.0,207.0,211.0,228.0,203.0,190.0,162.0,0.94
Lowen,Elibe,1461.02,349.0,238.0,286.0,182.0,163.0,209.0,195.0,169.0,192.0,0.9
Nanna,Jugdral,1460.95,596.0,742.0,369.0,199.0,206.0,192.0,156.0,147.0,148.0,0.91
Hardin,Archanea,1460.9,580.0,1236.0,1020.0,516.0,326.0,454.0,80.0,70.0,67.0,0.91
Perceval,Elibe,1460.88,677.0,696.0,1049.0,217.0,165.0,122.0,123.0,106.0,99.0,0.95
Rhajat,Fates,1460.86,2640.0,1406.0,975.0,353.0,188.0,203.0,103.0,83.0,73.0,0.91
Ótr (Otr),Heroes,1460.81,,,,,254.0,251.0,145.0,77.0,89.0,0.92
Geoffrey,Tellius,1460.79,583.0,554.0,695.0,417.0,393.0,383.0,259.0,55.0,42.0,0.9
Mamori/Draug,TMS #FE,1460.77,,,,448.0,206.0,184.0,128.0,93.0,84.0,0.94
Priscilla,Elibe,1460.63,1334.0,682.0,473.0,272.0,157.0,224.0,141.0,123.0,125.0,0.94
Shigure,Fates,1460.63,1524.0,1061.0,642.0,290.0,180.0,173.0,127.0,174.0,127.0,0.91
Death Knight,Fodlan,1460.62,,,,506.0,185.0,210.0,122.0,98.0,74.0,0.95
Dart,Elibe,1460.62,470.0,613.0,520.0,275.0,187.0,194.0,122.0,131.0,118.0,0.95
Anna (FE16),Fodlan,1460.51,,,,1292.0,302.0,277.0,125.0,71.0,50.0,0.92
Cain (FE01/11),Archanea,1460.48,1663.0,516.0,661.0,377.0,198.0,196.0,92.0,128.0,100.0,0.91
Nagi,Archanea,1460.47,784.0,1337.0,1568.0,498.0,164.0,195.0,125.0,77.0,66.0,0.95
Raigh,Elibe,1460.34,940.0,313.0,329.0,250.0,195.0,166.0,173.0,183.0,199.0,0.94
Morion,Elyos,1460.29,,,,,,,,142.0,79.0,0.94
Dorcas,Elibe,1460.28,12083.0,1372.0,730.0,327.0,271.0,153.0,67.0,90.0,57.0,0.9
Clarine,Elibe,1460.27,1044.0,389.0,429.0,223.0,179.0,171.0,129.0,136.0,124.0,0.94
Louise,Elibe,1460.26,659.0,3340.0,9274.0,293.0,163.0,85.0,88.0,79.0,51.0,0.91
Colm,Magvel,1460.24,1267.0,847.0,909.0,696.0,417.0,109.0,65.0,62.0,73.0,0.89
Klein,Elibe,1460.18,258.0,911.0,725.0,297.0,217.0,234.0,152.0,117.0,99.0,0.91
Gangrel,Ylisse,1460.17,1101.0,684.0,927.0,634.0,154.0,155.0,111.0,91.0,83.0,0.91
Brigid,Jugdral,1460.17,158.0,550.0,1012.0,1026.0,603.0,154.0,143.0,134.0,45.0,0.9
Lorenz (FE01/11),Archanea,1460.12,392.0,413.0,503.0,316.0,133.0,159.0,160.0,126.0,128.0,0.92
Moulder,Magvel,1460.05,635.0,384.0,361.0,211.0,174.0,323.0,181.0,177.0,136.0,0.91
Mordecai,Tellius,1460.01,885.0,918.0,984.0,279.0,161.0,215.0,118.0,132.0,87.0,0.91
Elena,Tellius,1460.0,250.0,377.0,300.0,262.0,168.0,220.0,152.0,325.0,263.0,0.92
Nader,Fodlan,1459.89,,,,261.0,212.0,152.0,125.0,89.0,119.0,0.91
Leonardo,Tellius,1459.89,398.0,261.0,255.0,194.0,176.0,350.0,295.0,350.0,47.0,0.92
Shahid,Fodlan,1459.85,,,,,,,207.0,87.0,68.0,0.93
Miriel,Ylisse,1459.85,1437.0,1011.0,1175.0,749.0,691.0,114.0,85.0,55.0,47.0,0.91
Laura,Tellius,1459.77,312.0,239.0,236.0,170.0,168.0,225.0,143.0,179.0,180.0,0.9
Forde,Magvel,1459.74,563.0,260.0,303.0,258.0,211.0,277.0,191.0,195.0,57.0,0.92
Elice,Archanea,1459.71,519.0,637.0,938.0,659.0,251.0,339.0,151.0,53.0,43.0,0.92
Nasir,Tellius,1459.63,217.0,414.0,543.0,298.0,164.0,212.0,130.0,169.0,126.0,0.94
Machyua,Jugdral,1459.58,256.0,193.0,235.0,185.0,167.0,220.0,180.0,184.0,161.0,0.9
Count Bergliez,Fodlan,1459.58,,,,,,,204.0,76.0,76.0,0.9
Dheginsea,Tellius,1459.54,231.0,546.0,816.0,840.0,195.0,190.0,86.0,102.0,100.0,0.93
Natalie,Elibe,1459.47,,,,,142.0,251.0,125.0,180.0,81.0,0.94
Oliver,Tellius,1459.44,902.0,482.0,486.0,247.0,190.0,228.0,130.0,112.0,73.0,0.96
Echidna,Elibe,1459.43,662.0,670.0,868.0,182.0,155.0,162.0,97.0,115.0,88.0,0.94
Est,Archanea,1459.43,399.0,527.0,694.0,381.0,154.0,222.0,113.0,94.0,79.0,0.93
Calill,Tellius,1459.43,261.0,280.0,370.0,227.0,163.0,220.0,168.0,159.0,194.0,0.89
Gromell,Tellius,1459.42,,,,,269.0,208.0,144.0,93.0,67.0,0.94
Karel (FE06),Elibe,1459.38,270.0,261.0,324.0,250.0,200.0,207.0,152.0,126.0,134.0,0.92
Glen,Magvel,1459.38,242.0,217.0,226.0,221.0,232.0,357.0,215.0,246.0,25.0,0.87
Norne,Archanea,1459.37,607.0,421.0,524.0,173.0,189.0,230.0,140.0,114.0,104.0,0.93
Metodey,Fodlan,1459.35,,,,282.0,232.0,181.0,134.0,96.0,56.0,0.94
Virion,Ylisse,1459.27,1548.0,371.0,389.0,238.0,141.0,185.0,112.0,99.0,99.0,0.94
Brigand Boss,Valentia,1459.25,,1214.0,1071.0,660.0,442.0,599.0,61.0,23.0,12.0,0.89
Arlen,Archanea,1459.23,261.0,168.0,246.0,216.0,166.0,181.0,342.0,177.0,28.0,0.89
Mikoto,Fates,1459.11,1228.0,1787.0,802.0,258.0,116.0,130.0,76.0,65.0,45.0,0.92
Zeke,Valentia,1459.11,240.0,1034.0,1059.0,466.0,289.0,155.0,119.0,90.0,66.0,0.91
Hayato,Fates,1459.09,644.0,423.0,453.0,235.0,183.0,276.0,151.0,142.0,36.0,0.92
Leila,Elibe,1459.05,1069.0,1270.0,1581.0,1266.0,121.0,85.0,63.0,73.0,46.0,0.88
Flavia,Ylisse,1458.9,1036.0,967.0,1320.0,568.0,369.0,35.0,74.0,25.0,30.0,0.89
Yarne,Ylisse,1458.72,1405.0,1182.0,1279.0,160.0,129.0,137.0,94.0,80.0,72.0,0.92
Radd,Archanea,1458.65,321.0,183.0,357.0,245.0,174.0,195.0,175.0,115.0,152.0,0.94
Laurent,Ylisse,1458.6,577.0,317.0,384.0,371.0,289.0,346.0,367.0,44.0,35.0,0.89
Hugh,Elibe,1458.52,538.0,337.0,396.0,470.0,348.0,394.0,89.0,72.0,74.0,0.91
Guinivere (FE06),Elibe,1458.45,227.0,407.0,565.0,538.0,117.0,177.0,111.0,92.0,77.0,0.93
Benny,Fates,1458.43,1055.0,786.0,836.0,487.0,402.0,87.0,62.0,59.0,45.0,0.92
Medeus,Archanea,1458.39,169.0,302.0,653.0,429.0,260.0,467.0,126.0,54.0,43.0,0.93
Roland,Elibe,1458.37,,,,,134.0,133.0,76.0,190.0,75.0,0.93
Chulainn,Jugdral,1458.35,256.0,289.0,334.0,280.0,195.0,186.0,164.0,194.0,38.0,0.92
Giffca,Tellius,1458.34,177.0,211.0,337.0,214.0,189.0,341.0,185.0,116.0,107.0,0.93
Oscar,Tellius,1458.24,967.0,306.0,300.0,144.0,163.0,159.0,107.0,82.0,63.0,0.95
Julian,Archanea,1458.19,715.0,638.0,890.0,622.0,122.0,109.0,46.0,79.0,63.0,0.91
Lance,Elibe,1458.13,303.0,198.0,185.0,205.0,153.0,137.0,154.0,153.0,133.0,0.91
Nina,Fates,1458.05,1784.0,1342.0,608.0,196.0,131.0,123.0,84.0,68.0,78.0,0.91
Iago,Fates,1458.05,518.0,428.0,619.0,404.0,115.0,123.0,80.0,73.0,107.0,0.92
Ashera,Tellius,1458.0,316.0,601.0,1079.0,568.0,461.0,94.0,46.0,35.0,23.0,0.9
Nuibaba,Valentia,1457.96,,297.0,385.0,179.0,99.0,196.0,135.0,91.0,82.0,0.95
Boey,Valentia,1457.93,138.0,626.0,369.0,226.0,157.0,225.0,114.0,108.0,115.0,0.9
Maria,Archanea,1457.9,412.0,397.0,454.0,250.0,147.0,197.0,97.0,106.0,100.0,0.92
Lana,Jugdral,1457.89,199.0,129.0,184.0,219.0,161.0,166.0,185.0,183.0,232.0,0.92
Fernand,Valentia,1457.86,,673.0,705.0,540.0,394.0,87.0,78.0,62.0,35.0,0.92
Arete,Fates,1457.86,579.0,902.0,1555.0,473.0,338.0,96.0,47.0,30.0,31.0,0.91
Thales,Fodlan,1457.83,,,,277.0,159.0,199.0,133.0,64.0,76.0,0.92
Tobin,Valentia,1457.81,97.0,473.0,490.0,269.0,145.0,227.0,129.0,106.0,112.0,0.93
Jesse,Valentia,1457.8,43.0,205.0,196.0,180.0,158.0,236.0,184.0,167.0,158.0,0.9
Holst,Fodlan,1457.79,,,,,,,262.0,56.0,44.0,0.9
Heath,Elibe,1457.73,908.0,774.0,879.0,621.0,91.0,111.0,62.0,71.0,61.0,0.92
Ewan,Magvel,1457.73,930.0,1010.0,817.0,138.0,79.0,103.0,84.0,86.0,93.0,0.92
Zeiss,Elibe,1457.7,308.0,159.0,211.0,203.0,203.0,240.0,161.0,158.0,61.0,0.92
Dew,Jugdral,1457.6,326.0,249.0,351.0,296.0,208.0,213.0,195.0,178.0,39.0,0.9
Duessel,Magvel,1457.53,412.0,720.0,702.0,526.0,102.0,158.0,76.0,60.0,65.0,0.91
Morva,Magvel,1457.47,,,,,176.0,140.0,95.0,93.0,95.0,0.92
Yuliya,Archanea,1457.46,161.0,147.0,200.0,144.0,133.0,181.0,378.0,142.0,50.0,0.91
Arthur (FE14),Fates,1457.39,1704.0,474.0,435.0,177.0,169.0,165.0,94.0,84.0,100.0,0.95
Dorothy,Elibe,1457.39,271.0,222.0,228.0,215.0,200.0,296.0,272.0,58.0,67.0,0.92
Lena,Archanea,1457.38,493.0,388.0,642.0,448.0,75.0,108.0,84.0,70.0,75.0,0.93
Naoise,Jugdral,1457.37,262.0,150.0,232.0,202.0,167.0,188.0,139.0,113.0,129.0,0.91
Misha,Jugdral,1457.34,166.0,159.0,175.0,121.0,126.0,215.0,156.0,162.0,137.0,0.88
Leon,Valentia,1457.26,52.0,930.0,507.0,328.0,157.0,150.0,118.0,128.0,87.0,0.93
Gerome,Ylisse,1457.25,1867.0,1513.0,485.0,174.0,81.0,110.0,97.0,64.0,77.0,0.97
Marty,Jugdral,1457.13,433.0,230.0,238.0,128.0,104.0,150.0,168.0,113.0,63.0,0.93
Niðavellir (Nidavellir),Heroes,1457.12,,,,,,,,,71.0,0.93
Gray,Valentia,1457.09,115.0,685.0,384.0,193.0,112.0,225.0,115.0,119.0,84.0,0.95
Karel (FE07),Elibe,1457.03,770.0,341.0,321.0,157.0,108.0,111.0,59.0,86.0,92.0,0.92
Linus,Elibe,1457.01,284.0,635.0,322.0,224.0,116.0,133.0,113.0,93.0,67.0,0.95
Forsyth,Valentia,1456.99,54.0,839.0,820.0,174.0,144.0,150.0,101.0,92.0,105.0,0.93
Ladislava,Fodlan,1456.91,,,,155.0,100.0,158.0,114.0,91.0,79.0,0.94
Sue,Elibe,1456.89,562.0,766.0,996.0,124.0,99.0,101.0,96.0,78.0,79.0,0.91
Eleanora,Elibe,1456.79,,,,,97.0,113.0,102.0,100.0,99.0,0.95
Castor,Archanea,1456.78,380.0,246.0,332.0,242.0,147.0,195.0,110.0,127.0,39.0,0.91
Almedha,Tellius,1456.78,93.0,88.0,199.0,112.0,92.0,143.0,96.0,258.0,239.0,0.93
Saleh,Magvel,1456.77,272.0,395.0,413.0,360.0,240.0,132.0,68.0,89.0,121.0,0.93
Ephidel,Elibe,1456.73,301.0,282.0,270.0,220.0,144.0,122.0,123.0,88.0,86.0,0.95
Hinata,Fates,1456.73,1427.0,357.0,358.0,135.0,75.0,80.0,133.0,74.0,34.0,0.93
Ulki,Tellius,1456.72,226.0,141.0,171.0,101.0,99.0,106.0,101.0,100.0,199.0,0.9
Noah,Elibe,1456.64,347.0,276.0,296.0,197.0,190.0,240.0,176.0,60.0,35.0,0.91
Cath,Elibe,1456.62,300.0,194.0,253.0,190.0,471.0,229.0,88.0,50.0,54.0,0.91
Cecil,Archanea,1456.61,186.0,158.0,207.0,152.0,168.0,190.0,133.0,101.0,94.0,0.94
Shiro,Fates,1456.54,932.0,675.0,526.0,191.0,101.0,115.0,63.0,56.0,48.0,0.91
Sara,Jugdral,1456.47,330.0,304.0,571.0,568.0,131.0,113.0,87.0,58.0,81.0,0.93
Mathilda,Valentia,1456.46,313.0,521.0,444.0,168.0,122.0,120.0,104.0,122.0,93.0,0.96
August,Jugdral,1456.44,,,,,355.0,304.0,36.0,26.0,27.0,0.93
Bramimond,Elibe,1456.37,,,,,205.0,172.0,61.0,57.0,66.0,0.93
Wallace,Elibe,1456.34,442.0,326.0,333.0,172.0,95.0,127.0,85.0,87.0,83.0,0.94
Rudolf,Valentia,1456.3,95.0,621.0,666.0,432.0,123.0,139.0,67.0,77.0,49.0,0.92
Brunnya,Elibe,1456.29,280.0,444.0,566.0,210.0,132.0,117.0,73.0,67.0,45.0,0.93
Yune,Tellius,1456.26,428.0,488.0,878.0,367.0,105.0,102.0,89.0,78.0,44.0,0.93
Midia,Archanea,1456.26,162.0,162.0,200.0,182.0,121.0,139.0,153.0,160.0,144.0,0.91
Sirius,Archanea,1456.25,742.0,1024.0,1778.0,271.0,114.0,93.0,62.0,58.0,49.0,0.92
Walhart,Ylisse,1456.22,1045.0,1335.0,322.0,168.0,107.0,117.0,60.0,41.0,47.0,0.92
Makalov,Tellius,1456.2,216.0,132.0,116.0,148.0,96.0,168.0,157.0,125.0,124.0,0.91
Lot,Elibe,1456.2,3218.0,802.0,532.0,221.0,111.0,65.0,48.0,60.0,42.0,0.89
Amy,Tellius,1456.2,364.0,291.0,284.0,113.0,70.0,156.0,83.0,172.0,94.0,0.93
Febail,Jugdral,1456.18,217.0,162.0,262.0,220.0,174.0,168.0,167.0,45.0,66.0,0.95
Hisame,Fates,1456.17,378.0,173.0,186.0,95.0,73.0,73.0,74.0,203.0,243.0,0.93
Sheena,Archanea,1456.16,590.0,464.0,473.0,232.0,111.0,131.0,90.0,88.0,63.0,0.93
Azama,Fates,1456.14,1180.0,464.0,381.0,167.0,91.0,109.0,72.0,53.0,45.0,0.94
Lyre,Tellius,1456.13,460.0,443.0,532.0,290.0,214.0,89.0,42.0,47.0,34.0,0.92
Hestia,Valentia,1456.11,,533.0,753.0,331.0,170.0,215.0,124.0,22.0,11.0,0.9
Barst,Archanea,1456.11,841.0,352.0,411.0,246.0,155.0,180.0,68.0,55.0,52.0,0.95
Lex,Jugdral,1456.09,426.0,510.0,870.0,738.0,469.0,74.0,50.0,45.0,36.0,0.91
Haitaka,Fates,1456.06,,,,,76.0,158.0,89.0,112.0,57.0,0.94
Basilio,Ylisse,1456.02,994.0,711.0,834.0,427.0,282.0,43.0,54.0,25.0,35.0,0.91
Melady,Elibe,1455.99,545.0,618.0,666.0,477.0,71.0,92.0,71.0,61.0,48.0,0.93
Malice,Archanea,1455.97,397.0,491.0,563.0,320.0,262.0,74.0,49.0,45.0,75.0,0.93
Ogier,Elibe,1455.94,232.0,111.0,186.0,135.0,153.0,189.0,169.0,127.0,30.0,0.91
Petrine,Tellius,1455.93,325.0,514.0,621.0,366.0,79.0,121.0,71.0,67.0,45.0,0.92
Farina,Elibe,1455.91,719.0,426.0,449.0,434.0,428.0,70.0,43.0,43.0,48.0,0.93
Lindon,Elyos,1455.78,,,,,,,,97.0,43.0,0.96
Elimine,Elibe,1455.78,,,,,,,,,66.0,0.95
Deen (FE02/15),Valentia,1455.72,65.0,465.0,496.0,354.0,247.0,169.0,83.0,44.0,73.0,0.94
Kamui,Valentia,1455.71,147.0,526.0,438.0,401.0,325.0,415.0,51.0,29.0,19.0,0.88
Harken,Elibe,1455.67,299.0,353.0,333.0,256.0,140.0,189.0,118.0,22.0,36.0,0.95
Rolf ,Tellius,1455.58,916.0,497.0,427.0,195.0,148.0,130.0,75.0,81.0,64.0,0.93
Vyland,Archanea,1455.55,675.0,270.0,317.0,176.0,128.0,90.0,141.0,85.0,39.0,0.9
Jake,Archanea,1455.55,209.0,159.0,242.0,171.0,114.0,132.0,84.0,89.0,79.0,0.94
Mycen,Valentia,1455.51,85.0,399.0,342.0,214.0,235.0,265.0,182.0,22.0,15.0,0.91
Arion,Jugdral,1455.48,101.0,198.0,381.0,379.0,267.0,262.0,234.0,26.0,24.0,0.9
Candace,Fates,1455.38,426.0,208.0,255.0,89.0,100.0,192.0,147.0,120.0,32.0,0.93
Sigrun,Tellius,1455.33,599.0,759.0,1136.0,170.0,84.0,77.0,54.0,66.0,45.0,0.92
Samuel ,Archanea,1455.27,148.0,98.0,113.0,406.0,96.0,130.0,70.0,77.0,79.0,0.92
Duma,Valentia,1455.27,,503.0,677.0,288.0,91.0,97.0,78.0,52.0,44.0,0.96
Levail,Tellius,1455.25,,,,,182.0,128.0,80.0,80.0,71.0,0.95
Sully,Ylisse,1455.24,1938.0,321.0,323.0,102.0,70.0,105.0,67.0,72.0,59.0,0.94
Samson,Archanea,1455.19,160.0,202.0,356.0,186.0,106.0,112.0,78.0,97.0,54.0,0.93
Astram,Archanea,1455.14,237.0,421.0,624.0,236.0,118.0,138.0,63.0,75.0,49.0,0.91
Gatrie,Tellius,1455.08,562.0,424.0,447.0,266.0,57.0,89.0,51.0,64.0,55.0,0.94
Amalda,Jugdral,1455.07,59.0,127.0,139.0,106.0,123.0,141.0,120.0,132.0,102.0,0.89
Elffin,Elibe,1455.05,83.0,140.0,170.0,204.0,171.0,173.0,180.0,171.0,23.0,0.94
Saphir,Elyos,1455.05,,,,,,,,74.0,49.0,0.97
Jedah,Valentia,1455.04,,247.0,303.0,156.0,78.0,124.0,74.0,70.0,77.0,0.93
Legion,Archanea,1455.01,218.0,352.0,327.0,172.0,146.0,164.0,101.0,86.0,57.0,0.97
Midir,Jugdral,1454.97,173.0,116.0,137.0,130.0,122.0,182.0,133.0,104.0,55.0,0.94
Tauroneo,Tellius,1454.95,219.0,224.0,244.0,95.0,104.0,122.0,90.0,90.0,58.0,0.91
Asbel,Jugdral,1454.94,279.0,257.0,407.0,446.0,80.0,114.0,69.0,69.0,49.0,0.96
Laylea,Jugdral,1454.93,70.0,125.0,173.0,108.0,63.0,221.0,101.0,79.0,96.0,0.94
Geitz,Elibe,1454.91,219.0,162.0,178.0,155.0,147.0,148.0,91.0,114.0,90.0,0.91
Validar,Ylisse,1454.85,425.0,248.0,360.0,205.0,143.0,157.0,113.0,16.0,5.0,0.94
Asugi,Fates,1454.82,823.0,289.0,305.0,132.0,79.0,91.0,77.0,67.0,59.0,0.94
Galzus,Jugdral,1454.72,152.0,214.0,299.0,342.0,302.0,294.0,33.0,42.0,21.0,0.92
Ethlyn,Jugdral,1454.7,465.0,532.0,298.0,166.0,98.0,131.0,58.0,71.0,54.0,0.92
Alen,Elibe,1454.62,290.0,141.0,187.0,195.0,120.0,125.0,79.0,97.0,120.0,0.93
Renault,Elibe,1454.58,143.0,117.0,170.0,148.0,135.0,120.0,96.0,112.0,88.0,0.96
Fergus,Jugdral,1454.48,97.0,83.0,139.0,105.0,104.0,109.0,113.0,101.0,102.0,0.93
Ganglöt (Ganglot),Heroes,1454.46,,,,,,,157.0,50.0,39.0,0.95
Atlas,Valentia,1454.4,67.0,479.0,559.0,298.0,237.0,313.0,31.0,31.0,25.0,0.91
Carrion,Jugdral,1454.37,224.0,143.0,151.0,222.0,107.0,127.0,96.0,132.0,67.0,0.93
Murdock (FE06),Elibe,1454.35,119.0,155.0,217.0,217.0,210.0,190.0,141.0,11.0,19.0,0.9
Gunter,Fates,1454.21,813.0,261.0,283.0,175.0,75.0,124.0,81.0,80.0,76.0,0.96
Isadora,Elibe,1454.2,274.0,257.0,350.0,235.0,182.0,189.0,143.0,32.0,16.0,0.92
Natasha,Magvel,1454.19,421.0,588.0,648.0,484.0,41.0,90.0,37.0,42.0,47.0,0.94
Draug,Archanea,1454.19,819.0,289.0,326.0,181.0,119.0,104.0,60.0,49.0,53.0,0.95
Yukimura,Fates,1454.19,310.0,219.0,198.0,144.0,83.0,111.0,128.0,118.0,29.0,0.91
Fee,Jugdral,1454.18,228.0,118.0,175.0,161.0,128.0,181.0,197.0,39.0,40.0,0.95
Homer,Jugdral,1454.12,66.0,92.0,162.0,87.0,120.0,158.0,113.0,239.0,110.0,0.9
Kempf,Jugdral,1454.08,157.0,204.0,280.0,106.0,96.0,122.0,79.0,88.0,70.0,0.91
Beowolf,Jugdral,1454.07,141.0,120.0,185.0,166.0,81.0,119.0,100.0,128.0,101.0,0.93
Garon,Fates,1453.99,689.0,671.0,252.0,134.0,76.0,78.0,34.0,63.0,53.0,0.93
Ena,Tellius,1453.97,231.0,369.0,393.0,269.0,66.0,92.0,53.0,54.0,45.0,0.92
Nichol,Fates,1453.94,271.0,109.0,122.0,53.0,67.0,124.0,69.0,79.0,130.0,0.93
Vaida,Elibe,1453.88,126.0,179.0,238.0,192.0,113.0,129.0,130.0,138.0,14.0,0.94
Brady,Ylisse,1453.84,1040.0,555.0,690.0,99.0,70.0,77.0,57.0,33.0,46.0,0.95
Abel,Archanea,1453.79,1134.0,450.0,395.0,168.0,109.0,120.0,58.0,60.0,36.0,0.93
Merlinus (FE07),Elibe,1453.77,474.0,490.0,494.0,379.0,65.0,44.0,41.0,23.0,28.0,0.92
Sin,Elibe,1453.72,237.0,156.0,178.0,119.0,85.0,104.0,63.0,74.0,117.0,0.92
Brendan,Elibe,1453.66,,,,,115.0,85.0,85.0,52.0,49.0,0.94
Wendell,Archanea,1453.66,234.0,133.0,180.0,119.0,52.0,74.0,114.0,118.0,51.0,0.94
Caesar,Archanea,1453.65,232.0,124.0,123.0,111.0,146.0,70.0,62.0,63.0,67.0,0.96
Edain,Jugdral,1453.61,41.0,61.0,133.0,166.0,115.0,182.0,167.0,157.0,18.0,0.93
Diarmuid,Jugdral,1453.58,146.0,94.0,120.0,120.0,91.0,92.0,80.0,90.0,84.0,0.93
Elen,Elibe,1453.45,162.0,104.0,117.0,96.0,108.0,87.0,71.0,73.0,95.0,0.93
Kjelle,Ylisse,1453.42,791.0,560.0,680.0,73.0,40.0,55.0,36.0,24.0,15.0,0.93
Margrave Gautier,Fodlan,1453.41,,,,,,,120.0,47.0,45.0,0.94
Valbar,Valentia,1453.4,247.0,710.0,736.0,98.0,59.0,67.0,50.0,41.0,34.0,0.95
Chad,Elibe,1453.32,475.0,219.0,333.0,97.0,64.0,65.0,43.0,48.0,60.0,0.93
Orson,Magvel,1453.2,255.0,234.0,236.0,192.0,184.0,56.0,52.0,41.0,32.0,0.97
Gwendolyn,Elibe,1453.19,648.0,248.0,288.0,125.0,68.0,65.0,40.0,61.0,50.0,0.97
Muirne,Jugdral,1453.19,114.0,84.0,104.0,73.0,85.0,103.0,62.0,95.0,121.0,0.97
Niime,Elibe,1453.17,167.0,197.0,284.0,314.0,249.0,328.0,23.0,23.0,27.0,0.9
Lara,Jugdral,1453.13,233.0,235.0,220.0,150.0,122.0,147.0,100.0,42.0,28.0,0.98
Horace,Archanea,1453.13,204.0,131.0,146.0,97.0,93.0,109.0,112.0,76.0,55.0,0.94
Count Hevring,Fodlan,1453.11,,,,,,,121.0,57.0,25.0,0.97
Gotoh,Archanea,1453.09,132.0,217.0,386.0,239.0,121.0,131.0,106.0,30.0,24.0,0.95
Tanith,Tellius,1453.07,359.0,344.0,454.0,179.0,116.0,60.0,43.0,51.0,49.0,0.91
Seforia,Elyos,1453.04,,,,,,,,68.0,42.0,0.99
Tethys,Magvel,1453.01,518.0,1167.0,807.0,112.0,55.0,64.0,46.0,43.0,29.0,0.97
Jagen,Archanea,1452.99,907.0,211.0,294.0,155.0,66.0,73.0,61.0,65.0,38.0,0.95
Fiona,Tellius,1452.95,212.0,155.0,155.0,75.0,76.0,111.0,82.0,94.0,70.0,0.94
Yen'fay,Ylisse,1452.94,436.0,317.0,317.0,201.0,144.0,78.0,51.0,37.0,18.0,0.92
Frey,Archanea,1452.83,248.0,161.0,166.0,110.0,64.0,90.0,60.0,63.0,84.0,0.96
Zola,Fates,1452.76,375.0,193.0,200.0,103.0,74.0,102.0,83.0,75.0,52.0,0.97
Saias,Jugdral,1452.7,155.0,225.0,128.0,113.0,99.0,84.0,92.0,76.0,72.0,0.97
Trec,Elibe,1452.69,192.0,95.0,105.0,145.0,104.0,131.0,73.0,116.0,102.0,0.93
Guinivere (FE07),Elibe,1452.67,367.0,324.0,364.0,215.0,88.0,126.0,56.0,39.0,33.0,0.96
Percy,Fates,1452.67,373.0,200.0,220.0,121.0,70.0,124.0,78.0,48.0,55.0,0.94
Tina,Jugdral,1452.66,68.0,69.0,102.0,72.0,115.0,307.0,336.0,25.0,11.0,0.91
Matthis,Archanea,1452.64,214.0,105.0,127.0,483.0,178.0,824.0,20.0,23.0,6.0,0.92
Travant,Jugdral,1452.59,232.0,260.0,463.0,110.0,71.0,72.0,49.0,35.0,38.0,0.95
Mustafa,Ylisse,1452.52,1017.0,473.0,437.0,295.0,51.0,47.0,30.0,31.0,24.0,0.91
Gilbert,Fodlan,1452.47,,,,120.0,84.0,119.0,67.0,70.0,73.0,0.96
Coirpre,Jugdral,1452.46,36.0,16.0,43.0,28.0,25.0,37.0,235.0,164.0,157.0,0.88
Cervantes,Ylisse,1452.38,864.0,323.0,360.0,149.0,88.0,123.0,21.0,14.0,12.0,0.91
Marcus (FE06),Elibe,1452.31,232.0,143.0,182.0,114.0,98.0,111.0,58.0,57.0,58.0,0.93
Sedgar,Archanea,1452.3,328.0,190.0,232.0,135.0,82.0,50.0,49.0,63.0,45.0,0.95
Marisha,Archanea,1452.29,110.0,102.0,133.0,83.0,78.0,82.0,89.0,95.0,94.0,0.94
Phina,Archanea,1452.27,196.0,270.0,227.0,51.0,46.0,68.0,98.0,38.0,43.0,0.96
Roshea,Archanea,1452.14,240.0,157.0,212.0,154.0,142.0,45.0,43.0,53.0,34.0,0.99
Shannam,Jugdral,1452.12,63.0,80.0,97.0,96.0,105.0,109.0,100.0,76.0,64.0,0.95
Jubelo,Archanea,1451.96,135.0,78.0,48.0,37.0,32.0,86.0,105.0,104.0,179.0,0.94
Eyvel,Jugdral,1451.91,165.0,337.0,321.0,106.0,56.0,101.0,74.0,47.0,51.0,0.94
Bantu,Archanea,1451.89,348.0,558.0,516.0,120.0,42.0,44.0,52.0,24.0,30.0,0.95
Bors,Elibe,1451.84,205.0,123.0,111.0,44.0,90.0,196.0,101.0,90.0,18.0,0.92
Dagdar,Jugdral,1451.8,97.0,61.0,87.0,101.0,160.0,111.0,64.0,66.0,38.0,0.92
Shiva,Jugdral,1451.75,155.0,112.0,170.0,125.0,83.0,113.0,51.0,71.0,74.0,0.95
Yatsufusa/Gharnef,TMS #FE,1451.62,,,,162.0,69.0,93.0,73.0,34.0,32.0,0.97
Clive,Valentia,1451.61,75.0,209.0,171.0,107.0,86.0,73.0,67.0,50.0,65.0,0.98
Devdan,Tellius,1451.58,223.0,171.0,247.0,127.0,93.0,90.0,49.0,41.0,45.0,0.95
Hawkeye,Elibe,1451.57,456.0,216.0,239.0,133.0,63.0,61.0,57.0,59.0,20.0,0.96
Syrene,Magvel,1451.51,208.0,152.0,175.0,105.0,101.0,122.0,78.0,51.0,19.0,0.97
Daisy,Jugdral,1451.48,101.0,97.0,94.0,272.0,50.0,55.0,60.0,96.0,48.0,1.03
Silvia,Jugdral,1451.33,203.0,274.0,188.0,91.0,64.0,71.0,60.0,60.0,65.0,0.94
Lifis,Jugdral,1451.3,179.0,91.0,177.0,118.0,186.0,43.0,56.0,35.0,71.0,0.96
Miranda,Jugdral,1451.3,238.0,240.0,299.0,211.0,51.0,66.0,37.0,29.0,40.0,0.95
Caellach,Magvel,1451.3,171.0,257.0,229.0,199.0,38.0,54.0,36.0,33.0,57.0,0.98
Rainbow Sage,Fates,1451.28,428.0,230.0,284.0,86.0,46.0,79.0,41.0,48.0,35.0,0.97
Geese,Elibe,1451.16,267.0,232.0,261.0,187.0,51.0,57.0,23.0,41.0,25.0,0.96
Count Gloucester,Fodlan,1451.09,,,,,,,97.0,36.0,19.0,0.94
Jarod,Tellius,1451.07,146.0,181.0,123.0,72.0,118.0,116.0,75.0,86.0,23.0,0.93
Tomas (FE01/11),Archanea,1451.05,125.0,101.0,83.0,93.0,71.0,100.0,92.0,72.0,81.0,0.97
Elbert,Elibe,1451.04,,,,,65.0,64.0,56.0,72.0,54.0,1.0
Fargus,Elibe,1451.01,,,,,150.0,164.0,95.0,20.0,11.0,0.95
Hyacinth,Elyos,1450.97,,,,,,,,38.0,46.0,0.97
Kyle,Magvel,1450.95,262.0,127.0,136.0,110.0,82.0,127.0,81.0,70.0,16.0,0.96
Bastian,Tellius,1450.91,190.0,126.0,179.0,143.0,83.0,139.0,104.0,10.0,16.0,0.96
Saul,Elibe,1450.84,290.0,213.0,202.0,142.0,152.0,30.0,39.0,19.0,19.0,0.98
Lene,Jugdral,1450.74,143.0,127.0,245.0,95.0,85.0,85.0,51.0,54.0,49.0,0.97
Lombard,Jugdral,1450.7,73.0,69.0,125.0,116.0,80.0,79.0,62.0,52.0,66.0,0.94
Rafiel,Tellius,1450.64,149.0,408.0,377.0,317.0,30.0,41.0,28.0,29.0,25.0,0.97
Eremiya,Archanea,1450.6,126.0,220.0,366.0,288.0,39.0,74.0,33.0,43.0,29.0,0.95
Siegbert,Fates,1450.57,459.0,317.0,173.0,91.0,69.0,40.0,34.0,34.0,24.0,0.98
Riku/Abel,TMS #FE,1450.5,,,,164.0,78.0,87.0,43.0,30.0,33.0,0.99
Díthorba (Dithorba),Jugdral,1450.35,,,,,41.0,22.0,128.0,30.0,25.0,0.95
Randolph,Fodlan,1450.33,,,,176.0,76.0,76.0,69.0,42.0,29.0,1.0
Ronan,Jugdral,1450.24,133.0,233.0,167.0,423.0,60.0,46.0,44.0,26.0,52.0,0.94
Ryan,Archanea,1450.2,141.0,104.0,86.0,73.0,68.0,88.0,86.0,43.0,42.0,1.01
Desaix,Valentia,1450.19,59.0,54.0,57.0,30.0,17.0,17.0,791.0,82.0,23.0,0.9
Douglas,Elibe,1450.17,152.0,93.0,118.0,67.0,42.0,56.0,44.0,72.0,44.0,0.97
Anna (FE10),Tellius,1450.1,523.0,236.0,560.0,139.0,38.0,54.0,38.0,17.0,16.0,0.95
Merlinus (FE06),Elibe,1450.05,318.0,164.0,272.0,1456.0,30.0,19.0,12.0,10.0,29.0,0.91
Dozla,Magvel,1450.03,397.0,290.0,326.0,85.0,45.0,41.0,35.0,26.0,19.0,0.95
Arran,Archanea,1450.02,211.0,124.0,172.0,85.0,58.0,60.0,71.0,64.0,52.0,0.99
Jorge,Tellius,1449.97,39.0,21.0,1598.0,6728.0,27.0,6.0,18.0,4.0,5.0,0.88
Claud,Jugdral,1449.9,40.0,26.0,78.0,158.0,72.0,71.0,76.0,76.0,61.0,0.98
Raydrik,Jugdral,1449.84,50.0,56.0,65.0,51.0,280.0,37.0,36.0,39.0,39.0,0.97
Fred,Jugdral,1449.81,36.0,50.0,155.0,64.0,30.0,128.0,39.0,50.0,53.0,0.96
Salem,Jugdral,1449.81,118.0,107.0,108.0,152.0,140.0,120.0,21.0,28.0,15.0,0.95
Largo,Tellius,1449.63,196.0,112.0,138.0,59.0,68.0,77.0,44.0,43.0,35.0,0.99
Acheron,Fodlan,1449.62,,,,89.0,98.0,87.0,37.0,32.0,40.0,1.0
Juno,Elibe,1449.61,108.0,65.0,106.0,145.0,136.0,43.0,64.0,28.0,22.0,0.97
Jamke,Jugdral,1449.57,245.0,231.0,104.0,68.0,67.0,59.0,35.0,41.0,51.0,0.95
Gharnef,Archanea,1449.57,346.0,560.0,255.0,128.0,59.0,61.0,34.0,21.0,24.0,0.94
Jahn,Elibe,1449.56,60.0,68.0,63.0,85.0,60.0,72.0,64.0,72.0,60.0,0.95
Galle,Elibe,1449.52,273.0,255.0,301.0,185.0,36.0,27.0,28.0,28.0,27.0,0.99
Aimee,Tellius,1449.51,120.0,93.0,117.0,57.0,81.0,75.0,42.0,44.0,34.0,0.99
Cain (FE05),Jugdral,1449.49,55.0,16.0,38.0,21.0,45.0,45.0,56.0,107.0,79.0,0.96
Aida,Jugdral,1449.45,82.0,94.0,145.0,94.0,61.0,72.0,77.0,43.0,40.0,0.99
Daniela,Fates,1449.43,,,,,27.0,59.0,51.0,43.0,52.0,1.01
Excellus,Ylisse,1449.38,254.0,116.0,113.0,73.0,57.0,60.0,40.0,31.0,50.0,1.01
Iucharba,Jugdral,1449.3,98.0,59.0,62.0,68.0,59.0,39.0,46.0,43.0,83.0,0.97
Marla,Valentia,1449.28,,241.0,348.0,147.0,63.0,105.0,76.0,16.0,7.0,0.98
Linda,Jugdral,1449.15,75.0,76.0,99.0,69.0,57.0,37.0,78.0,56.0,70.0,1.01
Gareth,Tellius,1449.12,198.0,116.0,128.0,84.0,62.0,60.0,51.0,42.0,28.0,0.99
Eda,Jugdral,1449.11,115.0,96.0,112.0,95.0,72.0,47.0,40.0,59.0,53.0,0.96
Bartre (FE06),Elibe,1449.04,159.0,291.0,157.0,79.0,52.0,62.0,39.0,31.0,34.0,1.0
Fado,Magvel,1449.04,104.0,118.0,187.0,105.0,43.0,83.0,46.0,28.0,30.0,0.98
Ignatius,Fates,1448.91,214.0,140.0,137.0,52.0,43.0,57.0,44.0,47.0,42.0,1.01
Roger,Archanea,1448.48,88.0,81.0,63.0,49.0,51.0,44.0,40.0,32.0,72.0,0.99
Phila,Ylisse,1448.48,,,,,161.0,182.0,20.0,17.0,17.0,0.98
Karin,Jugdral,1448.43,168.0,105.0,135.0,130.0,110.0,115.0,18.0,26.0,18.0,0.97
Ilios,Jugdral,1448.15,106.0,83.0,71.0,50.0,47.0,58.0,44.0,53.0,67.0,1.03
Renning,Tellius,1448.15,153.0,130.0,166.0,92.0,50.0,82.0,40.0,40.0,23.0,1.03
Cord,Archanea,1448.12,233.0,102.0,128.0,112.0,72.0,60.0,41.0,28.0,41.0,0.99
Dryas,Jugdral,1448.06,,,,,58.0,37.0,45.0,56.0,25.0,1.01
Nobu/Gangrel,TMS #FE,1448.05,,,,98.0,47.0,75.0,42.0,19.0,29.0,1.04
Gazak,Fates,1448.04,,,,,59.0,65.0,41.0,34.0,37.0,1.03
Bryce,Tellius,1448.0,,,,,61.0,49.0,49.0,35.0,45.0,0.98
Bord,Archanea,1447.98,268.0,84.0,125.0,83.0,54.0,55.0,33.0,27.0,39.0,1.01
Bartre (FE07),Elibe,1447.92,228.0,176.0,135.0,62.0,46.0,42.0,25.0,22.0,24.0,1.02
Annand,Jugdral,1447.77,109.0,120.0,200.0,153.0,103.0,27.0,16.0,23.0,21.0,1.02
Emperor Ionius IX,Fodlan,1447.67,,,,94.0,52.0,83.0,43.0,46.0,13.0,1.06
Kumagera,Fates,1447.66,,,,,43.0,45.0,50.0,30.0,36.0,0.99
Osian,Jugdral,1447.65,240.0,327.0,493.0,54.0,26.0,23.0,11.0,25.0,20.0,1.0
Perne,Jugdral,1447.56,63.0,30.0,50.0,40.0,59.0,57.0,55.0,10.0,46.0,1.02
Vigarde,Magvel,1447.46,,,,,74.0,118.0,44.0,13.0,10.0,1.0
Manfroy,Jugdral,1447.39,70.0,55.0,103.0,113.0,53.0,40.0,36.0,33.0,39.0,0.99
Rennac,Magvel,1447.23,206.0,138.0,137.0,155.0,117.0,25.0,14.0,13.0,10.0,1.0
Hawk,Jugdral,1447.11,75.0,38.0,55.0,40.0,47.0,67.0,38.0,71.0,63.0,1.01
Alec,Jugdral,1447.04,142.0,62.0,101.0,68.0,36.0,44.0,40.0,22.0,48.0,1.0
Tanya,Jugdral,1446.94,143.0,111.0,207.0,67.0,41.0,47.0,26.0,38.0,16.0,1.0
Larum,Elibe,1446.9,131.0,218.0,238.0,47.0,44.0,48.0,29.0,25.0,14.0,1.0
Reptor,Jugdral,1446.71,106.0,49.0,80.0,61.0,46.0,46.0,44.0,34.0,27.0,1.09
Ralf,Jugdral,1446.61,53.0,48.0,55.0,65.0,52.0,74.0,48.0,37.0,29.0,1.05
Lawson,Valentia,1446.41,,130.0,81.0,47.0,33.0,51.0,23.0,25.0,36.0,1.0
Fuga,Fates,1446.14,225.0,124.0,133.0,53.0,27.0,35.0,37.0,9.0,7.0,1.05
Darros,Archanea,1446.08,157.0,128.0,166.0,106.0,25.0,37.0,22.0,19.0,7.0,1.04
Rickard,Archanea,1446.07,102.0,77.0,104.0,95.0,85.0,68.0,17.0,19.0,23.0,1.09
Iuchar,Jugdral,1446.06,92.0,65.0,103.0,88.0,48.0,39.0,39.0,30.0,44.0,1.08
Deen (FE05),Jugdral,1446.06,56.0,53.0,66.0,56.0,46.0,44.0,40.0,54.0,41.0,1.06
Selphina,Jugdral,1445.91,59.0,48.0,72.0,56.0,42.0,99.0,33.0,42.0,39.0,1.05
Kyza,Tellius,1445.91,142.0,94.0,115.0,77.0,70.0,32.0,20.0,32.0,11.0,1.08
Ishtore,Jugdral,1445.88,60.0,31.0,49.0,62.0,35.0,50.0,48.0,40.0,30.0,1.08
Glade,Jugdral,1445.86,17.0,535.0,104.0,70.0,22.0,53.0,22.0,20.0,19.0,1.15
Nealuchi,Tellius,1445.84,92.0,61.0,130.0,69.0,52.0,42.0,48.0,25.0,28.0,1.1
Zephiel (FE07),Elibe,1445.73,104.0,231.0,236.0,99.0,33.0,43.0,24.0,23.0,7.0,1.04
Danved,Tellius,1445.7,140.0,115.0,171.0,91.0,37.0,44.0,35.0,23.0,16.0,1.03
Hans,Fates,1445.63,272.0,104.0,106.0,69.0,70.0,54.0,15.0,17.0,14.0,1.02
Irma,Valentia,1445.6,,80.0,102.0,58.0,21.0,65.0,53.0,38.0,22.0,1.07
Lester,Jugdral,1445.52,32.0,46.0,60.0,60.0,25.0,42.0,23.0,29.0,42.0,1.06
Sleuf,Jugdral,1445.51,30.0,36.0,38.0,27.0,70.0,27.0,30.0,40.0,31.0,1.14
Amid,Jugdral,1445.48,36.0,13.0,26.0,22.0,51.0,58.0,56.0,17.0,34.0,1.06
Brighton,Jugdral,1445.42,61.0,49.0,73.0,55.0,56.0,44.0,30.0,49.0,23.0,1.1
Safy,Jugdral,1445.31,45.0,59.0,96.0,29.0,41.0,45.0,98.0,12.0,18.0,1.05
Hicks,Jugdral,1445.26,41.0,9.0,42.0,187.0,50.0,43.0,34.0,29.0,24.0,1.07
Creidne,Jugdral,1445.09,65.0,19.0,51.0,48.0,40.0,54.0,35.0,58.0,30.0,1.09
Belf,Archanea,1445.04,62.0,35.0,30.0,24.0,103.0,47.0,39.0,18.0,16.0,1.08
Duke Aegir,Fodlan,1445.03,,,,254.0,55.0,62.0,20.0,9.0,9.0,1.02
Ymir (FE01/11),Archanea,1445.02,139.0,130.0,147.0,76.0,26.0,35.0,29.0,18.0,11.0,1.01
Nomah,Valentia,1444.74,97.0,58.0,73.0,34.0,22.0,37.0,33.0,31.0,26.0,1.11
Valtome,Tellius,1444.69,55.0,56.0,61.0,31.0,26.0,48.0,21.0,26.0,31.0,1.08
Robert,Jugdral,1444.59,48.0,28.0,23.0,59.0,52.0,61.0,30.0,36.0,28.0,1.07
Kostas,Fodlan,1444.53,,,,107.0,68.0,37.0,19.0,12.0,5.0,1.14
Daichi,Fates,1444.53,,,,,37.0,58.0,30.0,24.0,18.0,1.12
Hannibal,Jugdral,1444.48,104.0,72.0,96.0,54.0,19.0,36.0,23.0,26.0,21.0,1.07
Rufus,Fodlan,1444.34,,,,,,,39.0,19.0,15.0,1.12
Xavier,Jugdral,1444.28,55.0,53.0,61.0,46.0,35.0,36.0,32.0,21.0,35.0,1.08
Dolph,Archanea,1444.22,109.0,64.0,74.0,46.0,37.0,42.0,20.0,26.0,24.0,1.13
Sandima,Jugdral,1444.18,64.0,37.0,42.0,26.0,20.0,40.0,6.0,10.0,50.0,1.06
Lang,Archanea,1444.14,96.0,70.0,108.0,44.0,37.0,41.0,27.0,25.0,34.0,1.1
Bloom,Jugdral,1443.99,18.0,7.0,67.0,35.0,14.0,12.0,65.0,31.0,36.0,1.05
Beck,Archanea,1443.71,119.0,71.0,75.0,56.0,36.0,26.0,16.0,25.0,34.0,1.13
Byron,Jugdral,1443.55,45.0,45.0,95.0,74.0,37.0,48.0,18.0,26.0,24.0,1.09
Dalsin,Jugdral,1443.51,39.0,25.0,35.0,99.0,56.0,37.0,20.0,28.0,27.0,1.08
Astolfo,Elibe,1443.25,64.0,53.0,38.0,66.0,45.0,32.0,36.0,31.0,31.0,1.09
Jeanne,Jugdral,1443.24,54.0,51.0,63.0,35.0,16.0,25.0,48.0,22.0,30.0,1.12
Teru/Garrick,TMS #FE,1443.16,,,,52.0,20.0,46.0,17.0,8.0,16.0,1.16
Barthe,Elibe,1443.11,117.0,54.0,57.0,30.0,18.0,21.0,15.0,18.0,26.0,1.18
Troude,Jugdral,1443.02,33.0,21.0,61.0,23.0,25.0,21.0,18.0,49.0,24.0,1.12
Shiharam,Tellius,1442.91,,,,,52.0,20.0,15.0,16.0,11.0,1.18
Kuen/Excellus,TMS #FE,1442.86,,,,67.0,28.0,36.0,18.0,11.0,25.0,1.1
Chagall,Jugdral,1442.82,35.0,26.0,52.0,21.0,23.0,16.0,18.0,25.0,54.0,1.09
Ward (Wade),Elibe,1442.79,71.0,38.0,29.0,41.0,38.0,33.0,22.0,29.0,20.0,1.12
Garret,Elibe,1442.75,52.0,40.0,36.0,21.0,16.0,23.0,44.0,48.0,20.0,1.06
Macellan,Archanea,1442.65,86.0,61.0,68.0,48.0,11.0,28.0,23.0,20.0,16.0,1.09
Count Varley,Fodlan,1442.5,,,,,,,34.0,16.0,14.0,1.11
Hilda (FE04),Jugdral,1442.14,32.0,44.0,51.0,73.0,66.0,58.0,17.0,8.0,6.0,1.14
Andrey,Jugdral,1442.04,100.0,46.0,56.0,53.0,26.0,24.0,17.0,21.0,28.0,1.11
Bertram,Tellius,1441.82,97.0,105.0,129.0,52.0,39.0,19.0,7.0,3.0,15.0,1.11
Brian,Jugdral,1441.49,40.0,44.0,55.0,67.0,41.0,36.0,12.0,21.0,21.0,1.2
Roderick,Archanea,1441.34,69.0,57.0,64.0,39.0,28.0,26.0,18.0,18.0,18.0,1.16
Dayan,Elibe,1441.16,39.0,27.0,31.0,40.0,30.0,26.0,21.0,23.0,27.0,1.17
Chouten/Pheros,TMS #FE,1441.08,,,,36.0,23.0,47.0,13.0,13.0,16.0,1.16
Aelfric,Fodlan,1441.05,,,,,69.0,29.0,25.0,8.0,3.0,1.16
Massena,Valentia,1440.85,,48.0,45.0,34.0,14.0,30.0,34.0,23.0,25.0,1.14
Blake,Valentia,1440.56,,49.0,39.0,29.0,15.0,22.0,18.0,15.0,19.0,1.21
Boah,Archanea,1440.53,118.0,76.0,103.0,48.0,19.0,25.0,11.0,17.0,13.0,1.22
Durban,Elibe,1440.52,,,,,32.0,33.0,17.0,20.0,16.0,1.14
Chikaomi/Lon'qu,TMS #FE,1440.45,,,,62.0,28.0,27.0,21.0,12.0,15.0,1.21
Solon,Fodlan,1440.45,,,,86.0,45.0,11.0,8.0,11.0,8.0,1.27
Dalvin,Jugdral,1440.12,35.0,15.0,29.0,11.0,14.0,22.0,5.0,41.0,20.0,1.23
Yoder,Elibe,1439.88,52.0,30.0,33.0,19.0,6.0,45.0,20.0,21.0,21.0,1.18
Tristan,Jugdral,1439.87,50.0,34.0,51.0,27.0,21.0,20.0,6.0,12.0,28.0,1.21
Slayde,Valentia,1439.65,,52.0,62.0,37.0,31.0,32.0,18.0,15.0,6.0,1.24
Senno,Fates,1439.36,,,,,18.0,23.0,19.0,15.0,17.0,1.22
Lonato,Fodlan,1439.19,,,,35.0,17.0,22.0,21.0,5.0,14.0,1.17
Halvan,Jugdral,1438.99,102.0,36.0,28.0,22.0,17.0,12.0,25.0,8.0,10.0,1.22
Lloyd (FE14),Fates,1438.94,,,,,24.0,30.0,13.0,8.0,15.0,1.21
Munnir,Jugdral,1438.71,44.0,22.0,34.0,22.0,21.0,15.0,42.0,11.0,16.0,1.3
Tatarrah,Valentia,1438.68,,57.0,67.0,29.0,18.0,19.0,7.0,3.0,11.0,1.21
Warren,Archanea,1438.59,47.0,40.0,37.0,31.0,30.0,25.0,35.0,19.0,21.0,1.26
Riev,Magvel,1438.36,48.0,58.0,51.0,28.0,32.0,24.0,9.0,8.0,4.0,1.2
Daniel,Tellius,1438.28,29.0,25.0,22.0,12.0,51.0,25.0,14.0,4.0,9.0,1.3
Hermina,Jugdral,1438.14,34.0,21.0,21.0,22.0,20.0,8.0,44.0,26.0,7.0,1.28
Pallardó (Pallardo),Fodlan,1437.94,,,,51.0,16.0,21.0,21.0,6.0,9.0,1.3
Lord Arundel,Fodlan,1437.87,,,,38.0,18.0,22.0,5.0,13.0,12.0,1.29
Asaello,Jugdral,1437.74,36.0,24.0,28.0,23.0,22.0,18.0,12.0,20.0,11.0,1.3
Alva,Jugdral,1437.43,57.0,40.0,38.0,25.0,27.0,18.0,12.0,10.0,14.0,1.29
Luke,Archanea,1437.34,75.0,44.0,58.0,39.0,12.0,24.0,6.0,11.0,5.0,1.3
Murdock (FE07),Elibe,1437.24,,,,,35.0,28.0,9.0,8.0,5.0,1.41
Conomor,Jugdral,1437.14,27.0,30.0,44.0,18.0,11.0,30.0,19.0,14.0,12.0,1.36
Kasatai,Tellius,1437.12,,,,,8.0,32.0,8.0,8.0,13.0,1.29
Zelot,Elibe,1437.03,60.0,34.0,47.0,26.0,18.0,16.0,8.0,8.0,8.0,1.4
Kutuzov,Jugdral,1436.98,58.0,27.0,38.0,25.0,15.0,19.0,8.0,16.0,10.0,1.25
Deimne,Jugdral,1436.86,27.0,18.0,19.0,43.0,13.0,24.0,15.0,12.0,17.0,1.33
Malledus,Archanea,1436.83,43.0,37.0,33.0,21.0,8.0,11.0,22.0,16.0,5.0,1.35
Hellene,Elibe,1436.74,,,,,20.0,25.0,13.0,14.0,13.0,1.34
Reiden,Archanea,1436.63,46.0,30.0,31.0,52.0,9.0,8.0,6.0,6.0,8.0,1.35
Tarba,Fates,1436.22,,,,,18.0,13.0,17.0,7.0,12.0,1.33
Ludveck,Tellius,1436.05,,,,,23.0,11.0,8.0,12.0,11.0,1.33
Charlot,Jugdral,1435.99,28.0,15.0,26.0,22.0,33.0,19.0,12.0,13.0,11.0,1.41
Izuka,Tellius,1435.24,33.0,36.0,28.0,12.0,15.0,14.0,13.0,13.0,13.0,1.4
Muston,Tellius,1435.02,39.0,21.0,30.0,14.0,16.0,15.0,7.0,1.0,18.0,1.41
Cimbaeth,Jugdral,1434.35,27.0,25.0,30.0,16.0,13.0,18.0,6.0,16.0,7.0,1.4
Lundgren,Elibe,1430.99,,,,,9.0,7.0,3.0,6.0,10.0,1.74
Garth,Valentia,1430.6,,7.0,41.0,16.0,7.0,7.0,5.0,3.0,3.0,1.74
Grieth,Valentia,755.48,43.0,38.0,48.0,19.0,14.0,18.0,12.0,7.0,18.0,0.93
Zhara,Fates,755.23,,,,,25.0,18.0,19.0,8.0,6.0,1.01
Llewelyn,Fates,754.73,,,,,18.0,15.0,7.0,11.0,20.0,0.96
Funke,Fates,754.44,,,,,18.0,14.0,8.0,12.0,19.0,0.96
Lekain,Tellius,754.39,,,,,6.0,16.0,16.0,20.0,14.0,0.97
Dice,Archanea,752.52,80.0,23.0,31.0,45.0,11.0,13.0,11.0,3.0,23.0,0.85
Jerome,Valentia,752.11,,40.0,28.0,13.0,29.0,7.0,21.0,6.0,11.0,0.85
Gwendal,Fodlan,751.7,,,,28.0,17.0,14.0,8.0,4.0,6.0,0.9
Veld,Jugdral,751.66,45.0,37.0,34.0,13.0,26.0,17.0,3.0,15.0,2.0,0.86
Dolth,Valentia,751.64,,46.0,32.0,24.0,2.0,21.0,8.0,4.0,5.0,0.86
Frost,Archanea,751.34,29.0,20.0,11.0,59.0,17.0,11.0,36.0,13.0,6.0,0.86
Barth,Valentia,751.16,,21.0,49.0,21.0,12.0,16.0,9.0,6.0,2.0,0.84
Hetzel,Tellius,751.02,33.0,36.0,20.0,12.0,12.0,16.0,9.0,6.0,7.0,0.84
Hayden,Magvel,750.89,30.0,21.0,32.0,11.0,10.0,16.0,7.0,11.0,16.0,0.84
Roberto,Archanea,749.63,50.0,22.0,21.0,19.0,11.0,15.0,7.0,3.0,7.0,0.84
Alder,Tellius,749.57,,,,,2.0,13.0,1.0,39.0,10.0,0.94
Desmond,Elibe,748.92,,,,,11.0,7.0,4.0,11.0,10.0,0.93
Numida,Tellius,747.76,,,,,11.0,10.0,4.0,14.0,4.0,0.95
Scipio,Jugdral,747.58,28.0,17.0,19.0,19.0,12.0,12.0,8.0,4.0,5.0,0.88
Halcyon,Valentia,747.37,,26.0,18.0,11.0,8.0,11.0,6.0,11.0,5.0,0.88
Tomas (FE16),Fodlan,746.72,,,,42.0,9.0,12.0,6.0,4.0,3.0,0.94
Danann,Jugdral,745.85,18.0,14.0,16.0,136.0,3.0,8.0,5.0,3.0,5.0,0.98
