CHARACTER,WORLD,SCORE,CYL 1 VOTES,CYL 2 VOTES,CYL 3 VOTES,CYL 4 VOTES,CYL 5 VOTES,CYL 6 VOTES,CYL 7 VOTES,CYL 8 VOTES,CYL 9 VOTES
Gatekeeper,Fodlan,2461.93,,,,,72267.0,,,,
Edelgard,Fodlan,2381.72,,,,74617.0,,,,,
Dimitri,Fodlan,2371.13,,,,69448.0,,,,,
Claude,Fodlan,2345.7,,,,59751.0,,,,,
Eikþyrnir (Eikthyrnir),Heroes,2316.73,,,,,,,,,15138.0
Lysithea,Fodlan,2293.32,,,,42462.0,,,,,
Gullveig,Heroes,2272.63,,,,,,,16941.0,,
Byleth (F),Fodlan,2260.71,,,,35255.0,25964.0,20855.0,,,
Baldr,Heroes,2253.52,,,,,,,,,11158.0
Bernadetta,Fodlan,2225.84,,,,37400.0,12281.0,19335.0,14252.0,19600.0,
Marth,Archanea,2222.36,24547.0,37192.0,33182.0,44107.0,46699.0,,,,
Ivy,Elyos,2220.15,,,,,,,,9082.0,8748.0
Lyn,Elibe,2208.01,49917.0,,,,,,,,
Fomortiis,Magvel,2207.69,,,,,,,,,9066.0
Ike,Tellius,2205.01,51555.0,,,,,,,,
Yunaka,Elyos,2201.92,,,,,,,,10035.0,7048.0
Byleth (M),Fodlan,2180.78,,,,10410.0,12528.0,10102.0,12683.0,10663.0,14345.0
Marianne,Fodlan,2180.39,,,,14105.0,33555.0,,,,
Felix,Fodlan,2177.3,,,,12465.0,10786.0,19117.0,16365.0,11612.0,
Lucina,Ylisse,2173.95,48295.0,,,,,,,,
Alear (F),Elyos,2172.5,,,,,,,,8316.0,6480.0
Hector,Elibe,2142.63,27372.0,40946.0,,,,,,,
Chrom,Ylisse,2141.15,23803.0,13638.0,19656.0,15595.0,35810.0,42134.0,,,
Camilla,Fates,2113.17,25766.0,28166.0,46741.0,,,,,,
Roy,Elibe,2109.76,28982.0,,,,,,,,
Eirika,Magvel,2104.27,16423.0,27503.0,22771.0,26040.0,31875.0,,,,
Veronica,Heroes,2103.25,,29206.0,,,,,,,
Diamant,Elyos,2102.89,,,,,,,,6356.0,4117.0
Azura,Fates,2100.89,14198.0,20430.0,14798.0,6264.0,4870.0,10260.0,7383.0,8466.0,9260.0
Ephraim,Magvel,2081.78,14908.0,31027.0,,,,,,,
Hilda (FE16),Fodlan,2079.23,,,,11702.0,6981.0,13205.0,7026.0,4061.0,4560.0
Corrin (F),Fates,2076.73,19599.0,13833.0,17679.0,9079.0,8600.0,14673.0,14369.0,,
Robin (M),Ylisse,2057.04,14149.0,10912.0,16316.0,9898.0,8176.0,11584.0,18401.0,,
Alear (M),Elyos,2051.06,,,,,,,,4421.0,2569.0
Alcryst,Elyos,2047.47,,,,,,,,4728.0,2228.0
Dorothea,Fodlan,2044.59,,,,15212.0,4694.0,7706.0,4529.0,2929.0,3213.0
Yuri,Fodlan,2041.63,,,,,9852.0,7869.0,5320.0,3648.0,3184.0
Sylvain,Fodlan,2041.55,,,,9132.0,4970.0,4764.0,4608.0,3100.0,5611.0
Veyle,Elyos,2038.14,,,,,,,,4233.0,2567.0
Micaiah,Tellius,2037.61,13491.0,15493.0,54343.0,,,,,,
Höðr (Hodr),Heroes,2035.75,,,,,,,,,2605.0
Robin (F),Ylisse,2033.16,10387.0,5481.0,34626.0,7352.0,5466.0,8737.0,9075.0,12319.0,
Soren,Tellius,2023.73,9718.0,6298.0,9919.0,6873.0,5829.0,17416.0,18051.0,,
Shez (M),Fodlan,2017.07,,,,,,,3956.0,3839.0,2237.0
Tharja,Ylisse,2015.76,29540.0,12459.0,11384.0,7674.0,4764.0,4845.0,5078.0,5335.0,4172.0
Freyja,Heroes,2006.74,,,,,2332.0,4180.0,4389.0,5075.0,3458.0
Sigurd,Jugdral,2003.57,5282.0,4736.0,8975.0,6198.0,3595.0,5121.0,7142.0,8058.0,10597.0
Black Knight,Tellius,2002.75,10195.0,3895.0,7461.0,5247.0,3026.0,3530.0,5340.0,5084.0,5221.0
Shez (F),Fodlan,1992.56,,,,,,,3990.0,2964.0,2038.0
Alfonse,Heroes,1991.84,,5542.0,7363.0,4859.0,3985.0,4392.0,6832.0,13286.0,
Tsubasa/Caeda,TMS #FE,1988.81,,,,4410.0,2319.0,2566.0,4709.0,4092.0,7155.0
Ashe,Fodlan,1988.02,,,,9288.0,6632.0,4181.0,3575.0,2003.0,2154.0
Lapis,Elyos,1985.78,,,,,,,,3423.0,1913.0
Itsuki/Chrom,TMS #FE,1982.04,,,,4096.0,4032.0,3208.0,4028.0,3696.0,3426.0
Mia,Tellius,1970.64,13354.0,9334.0,8395.0,5031.0,3114.0,3117.0,3038.0,2637.0,2291.0
Takumi,Fates,1956.82,12662.0,10407.0,9118.0,4013.0,3148.0,3133.0,2743.0,2491.0,2404.0
Eliwood,Elibe,1956.18,8709.0,7749.0,45410.0,,,,,,
Tiki (FE13),Ylisse,1949.54,9794.0,5001.0,7793.0,3137.0,3551.0,39705.0,,,
Lilina,Elibe,1934.31,5730.0,7993.0,8413.0,4859.0,2759.0,3808.0,3174.0,2519.0,1869.0
Corrin (M),Fates,1929.41,7691.0,2954.0,3825.0,2294.0,2027.0,2681.0,3528.0,3797.0,3012.0
Nino,Elibe,1926.36,7825.0,15532.0,10682.0,5144.0,3351.0,3288.0,2881.0,1769.0,1885.0
Leo,Fates,1918.9,12175.0,7162.0,9836.0,3193.0,2018.0,2291.0,2967.0,2684.0,2064.0
Goldmary,Elyos,1916.57,,,,,,,,2813.0,950.0
Rosado,Elyos,1916.3,,,,,,,,3235.0,828.0
Seliph,Jugdral,1914.22,2695.0,2137.0,7105.0,15593.0,6433.0,26301.0,,,
Anna (FE13),Ylisse,1913.06,8431.0,3446.0,38916.0,12137.0,2399.0,4764.0,4952.0,1014.0,706.0
Touma/Cain,TMS #FE,1910.08,,,,1760.0,1286.0,2219.0,2679.0,3364.0,2421.0
Céline (Celine),Elyos,1909.86,,,,,,,,1722.0,1046.0
Alfred,Elyos,1905.53,,,,,,,,2171.0,1017.0
Ingrid,Fodlan,1892.94,,,,5543.0,3164.0,3012.0,2402.0,1251.0,1230.0
Alm,Valentia,1892.69,1907.0,18716.0,62216.0,,,,,,
Sharena,Heroes,1890.87,,5037.0,5124.0,1780.0,1097.0,1550.0,6757.0,6782.0,11381.0
Leif,Jugdral,1890.62,2489.0,10529.0,4155.0,1828.0,1594.0,1710.0,4924.0,5855.0,3783.0
Petra,Fodlan,1887.62,,,,4374.0,2328.0,2514.0,2338.0,1347.0,809.0
Timerra,Elyos,1886.26,,,,,,,,1795.0,921.0
Nel,Elyos,1884.36,,,,,,,,1961.0,853.0
Elincia,Tellius,1880.68,3360.0,3442.0,4391.0,2132.0,2330.0,3393.0,5405.0,3533.0,2591.0
Cordelia,Ylisse,1878.27,14362.0,9547.0,8403.0,2834.0,1902.0,1995.0,1288.0,1230.0,1077.0
Nephenee,Tellius,1877.3,13473.0,5994.0,7995.0,2913.0,1855.0,2137.0,1567.0,1548.0,1373.0
Sothis,Fodlan,1873.01,,,,6967.0,3097.0,2121.0,1400.0,913.0,731.0
Lyon,Magvel,1869.23,2434.0,2080.0,3128.0,1945.0,1303.0,2544.0,3580.0,3475.0,2298.0
Níðhöggr (Nidhoggr),Heroes,1866.55,,,,,,,,1222.0,955.0
Fjorm,Heroes,1865.75,,5153.0,5449.0,2654.0,1633.0,2215.0,1472.0,1478.0,1274.0
Caeda,Archanea,1862.54,7243.0,3999.0,5009.0,2400.0,1535.0,2761.0,2617.0,1542.0,1760.0
Celica,Valentia,1860.69,2374.0,36302.0,,,,,,,
Annette,Fodlan,1857.59,,,,5165.0,2299.0,2470.0,1487.0,865.0,998.0
Rhea,Fodlan,1857.41,,,,5627.0,4295.0,2092.0,1298.0,936.0,661.0
Hubert,Fodlan,1855.78,,,,2453.0,2106.0,1887.0,1725.0,1300.0,1185.0
Ferdinand,Fodlan,1842.09,,,,4584.0,1671.0,1497.0,2916.0,984.0,661.0
Linhardt,Fodlan,1841.21,,,,4591.0,3262.0,1493.0,1266.0,1064.0,775.0
Berkut,Valentia,1840.65,,4012.0,2907.0,2031.0,1526.0,1632.0,1437.0,1342.0,1109.0
Panette,Elyos,1838.24,,,,,,,,2614.0,550.0
Mercedes,Fodlan,1836.79,,,,2890.0,1796.0,1724.0,1411.0,915.0,815.0
Plumeria,Heroes,1835.0,,,,20800.0,3875.0,1650.0,865.0,654.0,455.0
Hapi,Fodlan,1833.71,,,,,3034.0,1490.0,1426.0,852.0,673.0
Tiki (FE01/11),Archanea,1829.34,6729.0,5309.0,6079.0,3031.0,1771.0,2216.0,932.0,752.0,654.0
Ninian,Elibe,1828.51,2799.0,6442.0,4223.0,2796.0,1498.0,1888.0,1155.0,1218.0,1020.0
Tiki (TMS),TMS #FE,1828.38,,,,4161.0,1591.0,1952.0,1024.0,906.0,685.0
Hortensia,Elyos,1827.49,,,,,,,,1594.0,522.0
Ayra,Jugdral,1825.91,4489.0,4800.0,5011.0,2166.0,1400.0,1830.0,1514.0,902.0,712.0
Citrinne,Elyos,1823.06,,,,,,,,1134.0,664.0
Nowi,Ylisse,1820.51,10571.0,7705.0,6301.0,2596.0,1531.0,1644.0,1094.0,843.0,873.0
Pandreo,Elyos,1819.96,,,,,,,,1359.0,537.0
Severa,Ylisse,1819.85,6060.0,3275.0,4568.0,2682.0,2612.0,1821.0,1203.0,588.0,510.0
Etie,Elyos,1819.56,,,,,,,,813.0,895.0
Xander,Fates,1818.22,7511.0,5669.0,4122.0,1947.0,1345.0,1979.0,912.0,891.0,893.0
Loki,Heroes,1817.26,,16811.0,14745.0,4428.0,1613.0,1393.0,686.0,735.0,573.0
Constance,Fodlan,1817.03,,,,,3522.0,1476.0,1063.0,640.0,649.0
Maiko,TMS #FE,1812.69,,,,2078.0,1507.0,1926.0,1007.0,918.0,853.0
Caspar,Fodlan,1807.55,,,,2987.0,2535.0,1214.0,876.0,668.0,525.0
Merrin,Elyos,1806.02,,,,,,,,1285.0,372.0
Finn,Jugdral,1804.82,3606.0,3969.0,2440.0,1625.0,1273.0,1362.0,1066.0,1245.0,1045.0
Reinhardt,Jugdral,1804.52,137.0,15931.0,10793.0,4963.0,2339.0,2377.0,2227.0,1242.0,1348.0
Líf (Lif),Heroes,1800.91,,,11876.0,5771.0,1613.0,1222.0,812.0,619.0,577.0
Nerþuz (Nerthuz),Heroes,1798.02,,,,,,,,1096.0,535.0
Felicia,Fates,1797.14,9121.0,4677.0,5216.0,1918.0,1111.0,1448.0,828.0,784.0,558.0
Chloé (Chloe),Elyos,1792.65,,,,,,,,1036.0,514.0
Grima,Ylisse,1790.42,2333.0,2739.0,3900.0,1517.0,1125.0,919.0,737.0,1021.0,1473.0
Leonie,Fodlan,1786.13,,,,2503.0,1899.0,1289.0,778.0,591.0,541.0
Lute,Magvel,1783.37,9176.0,2998.0,2369.0,3047.0,3765.0,995.0,697.0,567.0,585.0
Catria,Archanea,1783.28,2736.0,3596.0,4844.0,2350.0,1569.0,1497.0,987.0,979.0,840.0
Nil/Rafal,Elyos,1782.25,,,,,,,,800.0,694.0
Kagetsu,Elyos,1778.45,,,,,,,,971.0,333.0
Laegjarn,Heroes,1777.7,,,7015.0,2753.0,1283.0,1318.0,836.0,607.0,475.0
Fogado,Elyos,1776.92,,,,,,,,1086.0,431.0
Morgan (F),Ylisse,1775.66,6163.0,8394.0,3649.0,1767.0,1010.0,922.0,662.0,839.0,1043.0
Zelgius,Tellius,1774.96,1488.0,2054.0,4884.0,2441.0,1638.0,1507.0,1035.0,747.0,572.0
Shamir,Fodlan,1774.46,,,,4452.0,1429.0,1365.0,932.0,695.0,522.0
Bruno,Heroes,1768.94,,3403.0,13483.0,2831.0,1206.0,1583.0,1130.0,713.0,542.0
Yashiro/Navarre,TMS #FE,1768.19,,,,1228.0,1272.0,1260.0,739.0,683.0,535.0
Henry,Ylisse,1767.71,12131.0,3101.0,2594.0,1242.0,928.0,1029.0,616.0,615.0,792.0
Amber,Elyos,1767.51,,,,,,,,777.0,538.0
Anna (FE17),Elyos,1767.22,,,,,,,,888.0,481.0
Dedue,Fodlan,1766.87,,,,3495.0,7195.0,1183.0,805.0,651.0,508.0
Ryoma,Fates,1766.42,7248.0,8238.0,5367.0,1779.0,1148.0,1075.0,681.0,537.0,494.0
Sakura,Fates,1765.61,7782.0,3146.0,3120.0,1467.0,985.0,1154.0,674.0,678.0,695.0
Ishtar,Jugdral,1761.96,2076.0,4935.0,5387.0,1870.0,1049.0,1258.0,712.0,689.0,557.0
Framme,Elyos,1761.08,,,,,,,,979.0,369.0
Soleil,Fates,1760.72,4333.0,2773.0,2772.0,4639.0,1061.0,1226.0,709.0,574.0,501.0
Lon'qu,Ylisse,1760.63,10002.0,2461.0,2889.0,1321.0,901.0,1026.0,691.0,742.0,720.0
Lorenz (FE16),Fodlan,1760.14,,,,2668.0,1467.0,1115.0,776.0,597.0,602.0
Zelkov,Elyos,1759.92,,,,,,,,632.0,508.0
Owain,Ylisse,1759.58,8383.0,7835.0,3117.0,1267.0,848.0,1290.0,682.0,562.0,676.0
Myrrh,Magvel,1759.45,2317.0,4688.0,5087.0,2066.0,1160.0,1447.0,816.0,597.0,521.0
Heiðrún (Heidrun),Heroes,1758.4,,,,,,,,,542.0
Selkie,Fates,1754.97,4800.0,8855.0,9770.0,1566.0,763.0,725.0,450.0,402.0,412.0
Seiðr (Seidr),Heroes,1752.05,,,,,,,625.0,928.0,481.0
Mauvier,Elyos,1750.3,,,,,,,,1189.0,268.0
Boucheron,Elyos,1750.21,,,,,,,,678.0,497.0
Askr,Heroes,1749.07,,,,,,,1383.0,665.0,330.0
Ranulf,Tellius,1741.54,3128.0,6312.0,8464.0,1127.0,917.0,999.0,586.0,709.0,568.0
Arval,Fodlan,1740.48,,,,,,,1247.0,564.0,370.0
Marisa,Magvel,1738.47,5398.0,4293.0,2565.0,1694.0,813.0,1006.0,639.0,611.0,627.0
Hræsvelgr (Hraesvelgr),Heroes,1738.31,,,,,,,,769.0,284.0
Joshua,Magvel,1738.26,8623.0,2587.0,2609.0,2575.0,723.0,766.0,568.0,428.0,462.0
Minerva,Archanea,1735.51,3422.0,2390.0,2911.0,1294.0,787.0,870.0,685.0,585.0,523.0
Seth,Magvel,1733.31,3763.0,1524.0,1562.0,883.0,576.0,1616.0,691.0,700.0,593.0
Altina,Tellius,1725.81,,,,,1111.0,656.0,756.0,773.0,434.0
Hinoka,Fates,1724.12,6851.0,4489.0,3538.0,1345.0,909.0,833.0,483.0,496.0,391.0
Griss,Elyos,1723.08,,,,,,,,605.0,356.0
Jade,Elyos,1722.12,,,,,,,,532.0,382.0
Elise,Fates,1716.79,8962.0,4644.0,2783.0,1083.0,755.0,781.0,537.0,481.0,459.0
Athos,Elibe,1716.48,591.0,1499.0,2080.0,1409.0,907.0,982.0,655.0,630.0,645.0
Stefan,Tellius,1715.04,1225.0,1003.0,1317.0,871.0,765.0,914.0,650.0,913.0,939.0
Anna (Heroes),Heroes,1713.22,,3224.0,13224.0,3070.0,638.0,748.0,519.0,376.0,493.0
Tibarn,Tellius,1711.72,2710.0,6611.0,3223.0,1646.0,1061.0,901.0,507.0,469.0,402.0
Inigo,Ylisse,1708.8,4599.0,2148.0,1940.0,867.0,738.0,711.0,555.0,360.0,402.0
Ash,Heroes,1705.14,,,,,,1242.0,715.0,346.0,314.0
Katarina,Archanea,1704.55,2162.0,1750.0,2288.0,1024.0,799.0,709.0,519.0,503.0,514.0
Scarlet,Fates,1704.32,1848.0,1417.0,1696.0,696.0,647.0,944.0,801.0,641.0,648.0
Mist,Tellius,1703.03,2972.0,1444.0,1765.0,1021.0,746.0,814.0,593.0,621.0,582.0
Kvasir,Heroes,1697.86,,,,,,,,749.0,222.0
Henriette,Heroes,1695.52,,,,,5211.0,844.0,375.0,367.0,249.0
Ilyana,Tellius,1694.84,3554.0,3485.0,4022.0,1469.0,577.0,567.0,393.0,369.0,367.0
Kiria/Tharja,TMS #FE,1693.7,,,,1589.0,830.0,792.0,408.0,370.0,285.0
Fae,Elibe,1693.38,1332.0,3521.0,2245.0,1078.0,793.0,768.0,518.0,441.0,455.0
Louis,Elyos,1691.39,,,,,,,,614.0,294.0
Cherche,Ylisse,1689.8,4498.0,2108.0,5473.0,946.0,709.0,976.0,397.0,376.0,294.0
Delthea,Valentia,1689.1,346.0,5643.0,3331.0,1386.0,826.0,887.0,602.0,508.0,513.0
Julia,Jugdral,1688.96,624.0,1749.0,1888.0,1109.0,1340.0,1207.0,1000.0,780.0,614.0
Gregory,Elyos,1688.93,,,,,,,,533.0,256.0
Charlotte,Fates,1688.78,3924.0,3521.0,3704.0,1687.0,1438.0,579.0,342.0,299.0,266.0
L'Arachel,Magvel,1688.65,2425.0,2338.0,1495.0,714.0,585.0,1039.0,762.0,793.0,519.0
Clanne,Elyos,1688.08,,,,,,,,602.0,227.0
Niles,Fates,1688.04,8703.0,3237.0,2332.0,1010.0,683.0,745.0,479.0,444.0,325.0
Boyd,Tellius,1687.82,1201.0,1252.0,1406.0,1101.0,1042.0,1454.0,462.0,418.0,388.0
Thórr (Thorr),Heroes,1686.94,,,,,,1148.0,457.0,350.0,314.0
Palla,Archanea,1686.55,1316.0,1509.0,2171.0,789.0,580.0,713.0,504.0,441.0,448.0
Lumera,Elyos,1685.76,,,,,,,,461.0,298.0
Eldigan,Jugdral,1685.16,2256.0,1621.0,2574.0,1106.0,747.0,757.0,447.0,428.0,367.0
Rodrigue,Fodlan,1684.73,,,,796.0,694.0,595.0,605.0,463.0,561.0
Kagero,Fates,1683.16,3265.0,2821.0,2146.0,939.0,585.0,744.0,412.0,407.0,287.0
Shinon,Tellius,1681.67,2753.0,2273.0,3139.0,2576.0,656.0,669.0,405.0,411.0,411.0
Olivia,Ylisse,1679.87,5889.0,2615.0,2628.0,1104.0,602.0,697.0,515.0,448.0,346.0
Laevatein,Heroes,1678.84,,7199.0,4603.0,1363.0,719.0,723.0,396.0,258.0,237.0
Jeritza,Fodlan,1677.74,,,,935.0,712.0,759.0,521.0,410.0,393.0
Jill,Tellius,1677.69,2975.0,3854.0,4872.0,6999.0,470.0,534.0,313.0,307.0,286.0
Navarre,Archanea,1676.8,3374.0,1699.0,2437.0,1289.0,612.0,707.0,459.0,421.0,424.0
Ogma,Archanea,1675.09,3189.0,1450.0,2044.0,1141.0,738.0,653.0,434.0,383.0,341.0
Jean,Elyos,1673.74,,,,,,,,438.0,305.0
Ophelia,Fates,1673.45,3639.0,3812.0,2623.0,982.0,575.0,611.0,398.0,306.0,274.0
Seiros,Fodlan,1672.98,,,,4145.0,2861.0,979.0,393.0,272.0,240.0
Titania,Tellius,1670.31,3757.0,1311.0,1611.0,718.0,377.0,512.0,433.0,530.0,381.0
Arvis,Jugdral,1669.69,1150.0,1058.0,1387.0,879.0,761.0,934.0,607.0,583.0,623.0
Seteth,Fodlan,1667.09,,,,2954.0,584.0,561.0,369.0,356.0,242.0
Lissa,Ylisse,1665.03,5279.0,2068.0,1944.0,916.0,570.0,784.0,421.0,379.0,330.0
Lewyn,Jugdral,1664.44,1626.0,3579.0,1533.0,929.0,668.0,542.0,347.0,293.0,256.0
Faye,Valentia,1661.16,,2854.0,1978.0,1292.0,745.0,624.0,368.0,345.0,353.0
Beruka,Fates,1660.99,2561.0,1357.0,1497.0,697.0,560.0,595.0,399.0,488.0,453.0
Manuela,Fodlan,1660.89,,,,1133.0,941.0,806.0,386.0,297.0,299.0
Gaius,Ylisse,1658.99,9465.0,1827.0,1605.0,749.0,532.0,465.0,362.0,334.0,350.0
Volug,Tellius,1658.1,838.0,839.0,1100.0,684.0,507.0,822.0,576.0,482.0,396.0
Sonia,Elibe,1657.68,665.0,771.0,1069.0,771.0,1109.0,1410.0,2218.0,2272.0,150.0
Sothe,Tellius,1657.21,3332.0,1133.0,1521.0,974.0,618.0,698.0,443.0,392.0,327.0
Heiðr (Heidr),Heroes,1656.97,,,,,,,904.0,430.0,166.0
Amelia,Magvel,1656.49,3214.0,2098.0,1667.0,862.0,458.0,708.0,427.0,326.0,416.0
Idunn,Elibe,1655.89,1026.0,1697.0,3222.0,1505.0,733.0,769.0,467.0,462.0,394.0
Sanaki,Tellius,1654.57,1828.0,1955.0,1555.0,961.0,544.0,602.0,383.0,353.0,276.0
Triandra,Heroes,1652.51,,,,3889.0,805.0,487.0,309.0,225.0,197.0
Larcei,Jugdral,1652.43,1876.0,1508.0,2514.0,896.0,566.0,556.0,322.0,429.0,259.0
Sophia,Elibe,1652.34,3150.0,1436.0,1491.0,847.0,568.0,551.0,390.0,380.0,352.0
Peri,Fates,1652.32,3892.0,1483.0,1573.0,697.0,550.0,550.0,363.0,403.0,330.0
Rutger,Elibe,1650.66,2297.0,1561.0,1901.0,551.0,488.0,541.0,343.0,322.0,346.0
Wrys,Archanea,1650.65,2669.0,4838.0,3777.0,836.0,415.0,543.0,276.0,236.0,243.0
Eir,Heroes,1649.46,,,6224.0,1222.0,491.0,510.0,303.0,253.0,216.0
Tana,Magvel,1648.19,2849.0,1979.0,1495.0,1129.0,454.0,542.0,404.0,276.0,269.0
Flame Emperor,Fodlan,1646.53,,,,759.0,622.0,,,,
Donnel,Ylisse,1643.89,10479.0,1876.0,1835.0,824.0,439.0,635.0,429.0,264.0,294.0
Edward,Tellius,1643.32,1446.0,1103.0,1138.0,818.0,670.0,836.0,724.0,660.0,172.0
Fir,Elibe,1642.83,1818.0,1434.0,1739.0,865.0,648.0,673.0,437.0,371.0,336.0
Rinea,Valentia,1642.37,,3206.0,4699.0,660.0,396.0,488.0,323.0,355.0,303.0
Mitama,Fates,1642.2,1051.0,714.0,857.0,414.0,535.0,901.0,659.0,446.0,348.0
Thrasir,Heroes,1641.25,,,7045.0,1415.0,598.0,462.0,362.0,257.0,141.0
Lucia,Tellius,1639.99,1352.0,1550.0,1704.0,977.0,861.0,1135.0,732.0,215.0,161.0
Embla,Heroes,1639.3,,,,,,,788.0,298.0,190.0
Ratatoskr,Heroes,1638.2,,,,,,,,339.0,253.0
Haar,Tellius,1637.56,3558.0,4784.0,6520.0,765.0,482.0,554.0,292.0,282.0,204.0
Gunnthrá,Heroes,1637.41,,2407.0,2985.0,968.0,437.0,536.0,341.0,264.0,225.0
Surtr,Heroes,1636.36,,3769.0,6325.0,1481.0,473.0,374.0,179.0,182.0,121.0
Florina,Elibe,1635.6,4012.0,1742.0,1656.0,1083.0,636.0,692.0,362.0,357.0,304.0
Camus,Archanea,1635.43,1829.0,2209.0,2406.0,1061.0,421.0,493.0,302.0,270.0,202.0
Lachesis,Jugdral,1634.94,1394.0,1368.0,1270.0,774.0,485.0,477.0,342.0,295.0,264.0
Tormod,Tellius,1633.88,1015.0,695.0,864.0,618.0,673.0,829.0,696.0,739.0,330.0
Matthew,Elibe,1633.56,3565.0,912.0,914.0,530.0,376.0,421.0,287.0,307.0,493.0
Ced,Jugdral,1632.11,1422.0,1655.0,2115.0,783.0,461.0,439.0,344.0,232.0,263.0
Keaton,Fates,1631.45,3724.0,5989.0,4100.0,778.0,360.0,453.0,228.0,226.0,178.0
Rune,Heroes,1630.42,,,,,,,,,257.0
Mareeta,Jugdral,1629.46,836.0,1043.0,1585.0,627.0,596.0,597.0,417.0,331.0,272.0
Flayn,Fodlan,1629.12,,,,3016.0,665.0,655.0,313.0,186.0,157.0
Rinkah,Fates,1627.76,3142.0,2972.0,4051.0,2159.0,272.0,302.0,265.0,251.0,208.0
Xane,Archanea,1624.85,1032.0,1291.0,1712.0,1489.0,298.0,399.0,230.0,225.0,404.0
Eitri,Heroes,1622.0,,,,,,1092.0,335.0,187.0,175.0
Wolt,Elibe,1621.35,969.0,654.0,844.0,600.0,496.0,461.0,330.0,364.0,416.0
Eitr,Heroes,1620.93,,,,,,,,421.0,176.0
Kris (M),Archanea,1620.8,736.0,1260.0,2063.0,1662.0,499.0,498.0,278.0,277.0,348.0
Nifl,Heroes,1620.69,,,,,,586.0,369.0,233.0,223.0
Zelestia,Elyos,1620.64,,,,,,,,399.0,195.0
Shura,Fates,1620.53,1281.0,688.0,874.0,533.0,444.0,489.0,410.0,389.0,341.0
Franz,Magvel,1619.33,615.0,430.0,496.0,467.0,367.0,502.0,402.0,323.0,380.0
Linde,Archanea,1619.05,2018.0,2385.0,1966.0,897.0,443.0,451.0,384.0,288.0,223.0
Hana,Fates,1618.75,3394.0,1413.0,1345.0,646.0,462.0,355.0,270.0,280.0,257.0
Lucius,Elibe,1618.6,2204.0,1502.0,1047.0,719.0,481.0,495.0,344.0,326.0,292.0
Barry,TMS #FE,1618.21,,,,836.0,458.0,730.0,331.0,244.0,211.0
Eleonora/Virion,TMS #FE,1617.25,,,,983.0,586.0,565.0,281.0,255.0,184.0
Mozu,Fates,1615.35,1990.0,1226.0,1351.0,694.0,642.0,699.0,545.0,489.0,75.0
Canas,Elibe,1614.84,2450.0,2827.0,831.0,474.0,299.0,352.0,264.0,243.0,216.0
Hríd (Hrid),Heroes,1614.71,,,3756.0,935.0,374.0,460.0,352.0,380.0,302.0
Oboro,Fates,1614.52,4783.0,1479.0,1406.0,549.0,366.0,315.0,227.0,210.0,179.0
Sumia,Ylisse,1613.88,2982.0,4593.0,878.0,351.0,187.0,264.0,242.0,352.0,441.0
Fáfnir (Fafnir),Heroes,1612.99,,,,,532.0,732.0,329.0,275.0,218.0
Cyril,Fodlan,1611.9,,,,673.0,551.0,807.0,1150.0,180.0,100.0
Mirabilis,Heroes,1610.96,,,,,619.0,391.0,243.0,354.0,203.0
Mae,Valentia,1610.69,131.0,1534.0,1132.0,555.0,417.0,503.0,399.0,472.0,455.0
Effie,Fates,1610.49,1974.0,2392.0,1952.0,694.0,381.0,385.0,226.0,418.0,183.0
Sombron,Elyos,1610.28,,,,,,,,247.0,194.0
Setsuna,Fates,1609.74,3292.0,1366.0,1178.0,497.0,337.0,398.0,288.0,370.0,273.0
Lloyd (FE07),Elibe,1609.31,1617.0,768.0,826.0,567.0,484.0,520.0,405.0,558.0,230.0
Ignatz,Fodlan,1608.66,,,,995.0,851.0,501.0,257.0,221.0,210.0
Guy,Elibe,1606.07,1889.0,1400.0,1289.0,793.0,646.0,663.0,127.0,103.0,1073.0
Kliff,Valentia,1604.69,239.0,5995.0,1680.0,811.0,482.0,463.0,288.0,251.0,223.0
Anankos,Fates,1603.81,1293.0,1325.0,1900.0,781.0,545.0,717.0,542.0,197.0,136.0
Éve (Eve),Elyos,1603.06,,,,,,,,257.0,206.0
Nyx,Fates,1600.06,2562.0,2231.0,2613.0,1465.0,1123.0,262.0,191.0,159.0,165.0
Ayaha/Aversa,TMS #FE,1599.08,,,,922.0,427.0,541.0,294.0,243.0,180.0
Sain,Elibe,1598.65,2031.0,1555.0,1280.0,1091.0,816.0,995.0,143.0,134.0,89.0
Lethe,Tellius,1598.49,2616.0,4186.0,4283.0,584.0,337.0,290.0,207.0,210.0,200.0
Raphael,Fodlan,1595.96,,,,1115.0,483.0,505.0,266.0,210.0,164.0
Rebecca,Elibe,1594.05,2414.0,679.0,787.0,495.0,280.0,565.0,316.0,181.0,142.0
Madeline,Elyos,1593.04,,,,,,,,201.0,237.0
Erk,Elibe,1591.56,1951.0,1912.0,2040.0,1445.0,1085.0,229.0,125.0,128.0,122.0
Selena (FE14),Fates,1590.5,4683.0,1650.0,1462.0,554.0,410.0,399.0,216.0,168.0,180.0
Morgan (M),Ylisse,1589.99,2216.0,2533.0,896.0,462.0,271.0,265.0,200.0,177.0,354.0
Dagr,Heroes,1587.81,,,,,,787.0,285.0,249.0,178.0
Noire,Ylisse,1587.65,2786.0,2227.0,1138.0,485.0,361.0,429.0,267.0,279.0,151.0
Lukas,Valentia,1587.28,146.0,2414.0,1623.0,732.0,500.0,530.0,335.0,230.0,213.0
Nah,Ylisse,1585.68,2003.0,2116.0,2909.0,381.0,233.0,263.0,238.0,186.0,131.0
Kaze,Fates,1585.3,4069.0,4021.0,1058.0,588.0,328.0,304.0,314.0,279.0,232.0
Jakob,Fates,1584.71,4681.0,1082.0,1189.0,595.0,429.0,327.0,204.0,238.0,251.0
Abysskeeper,Fodlan,1584.66,,,,,753.0,1374.0,292.0,199.0,100.0
Shanna,Elibe,1582.89,1609.0,1200.0,944.0,503.0,380.0,365.0,235.0,261.0,205.0
Velouria,Fates,1582.15,3339.0,4553.0,4773.0,706.0,420.0,292.0,177.0,156.0,165.0
Naesala,Tellius,1582.11,1656.0,2075.0,1047.0,581.0,421.0,393.0,238.0,246.0,193.0
Raven,Elibe,1580.74,2233.0,978.0,972.0,572.0,398.0,352.0,313.0,262.0,307.0
Gordin,Archanea,1580.4,982.0,640.0,697.0,422.0,380.0,364.0,229.0,252.0,236.0
Balthus,Fodlan,1578.21,,,,,1147.0,351.0,299.0,204.0,139.0
Jaffar,Elibe,1577.86,3921.0,1456.0,1438.0,627.0,384.0,404.0,225.0,212.0,225.0
Vander,Elyos,1577.21,,,,,,,,215.0,158.0
Clair,Valentia,1576.4,124.0,1270.0,1222.0,508.0,293.0,375.0,292.0,257.0,295.0
Flora,Fates,1576.28,2939.0,2932.0,1115.0,560.0,343.0,389.0,239.0,248.0,171.0
Elm,Heroes,1575.36,,,,,,484.0,326.0,151.0,220.0
Python,Valentia,1574.62,86.0,2354.0,2630.0,398.0,312.0,362.0,250.0,216.0,259.0
Dwyer,Fates,1574.59,2048.0,1291.0,1881.0,1024.0,847.0,955.0,162.0,133.0,171.0
Deirdre,Jugdral,1572.75,492.0,916.0,1013.0,624.0,365.0,488.0,329.0,275.0,276.0
Merric,Archanea,1572.6,2493.0,816.0,1159.0,702.0,319.0,372.0,345.0,324.0,176.0
Vaike,Ylisse,1572.39,1096.0,668.0,771.0,470.0,388.0,507.0,405.0,495.0,61.0
Gustav,Heroes,1571.85,,,,,902.0,483.0,183.0,148.0,123.0
Lambert,Fodlan,1570.42,,,,284.0,277.0,811.0,304.0,237.0,173.0
Cormag,Magvel,1570.29,1308.0,2433.0,2943.0,285.0,202.0,267.0,234.0,201.0,185.0
Aversa,Ylisse,1569.96,2538.0,5033.0,1998.0,618.0,340.0,333.0,255.0,180.0,133.0
Reginn,Heroes,1569.23,,,,,802.0,522.0,189.0,121.0,106.0
Greil,Tellius,1569.2,762.0,1550.0,2258.0,674.0,401.0,401.0,183.0,213.0,162.0
Jeorge,Archanea,1567.86,1214.0,965.0,904.0,586.0,374.0,380.0,236.0,232.0,183.0
Kana (F),Fates,1566.86,2837.0,3199.0,1173.0,451.0,272.0,328.0,252.0,205.0,172.0
Vanessa,Magvel,1565.58,784.0,580.0,700.0,589.0,443.0,618.0,508.0,79.0,79.0
Stahl,Ylisse,1564.05,2611.0,686.0,666.0,384.0,360.0,294.0,211.0,208.0,200.0
Maribelle,Ylisse,1562.43,3701.0,4662.0,770.0,302.0,197.0,244.0,174.0,150.0,172.0
Monica (Hopes),Fodlan,1561.59,,,,,,,,293.0,117.0
Kronya,Fodlan,1561.37,,,,684.0,287.0,424.0,275.0,176.0,181.0
Caineghis,Tellius,1560.75,961.0,1954.0,3294.0,530.0,239.0,268.0,220.0,257.0,118.0
Gilliam,Magvel,1560.57,1142.0,918.0,848.0,693.0,554.0,607.0,426.0,94.0,65.0
Þjazi (Thjazi),Heroes,1558.55,,,,,,,,,160.0
Forrest,Fates,1558.14,2356.0,2194.0,2566.0,1292.0,235.0,330.0,204.0,130.0,149.0
Nemesis,Fodlan,1557.66,,,,1427.0,299.0,356.0,175.0,139.0,153.0
Alois,Fodlan,1557.59,,,,564.0,369.0,360.0,210.0,196.0,175.0
Silas,Fates,1556.91,2683.0,2032.0,837.0,344.0,311.0,373.0,232.0,213.0,164.0
Frederick,Ylisse,1556.41,3913.0,1268.0,1039.0,483.0,370.0,376.0,255.0,240.0,186.0
Reina,Fates,1555.64,931.0,1291.0,991.0,550.0,394.0,628.0,492.0,84.0,97.0
Nils,Elibe,1555.55,730.0,3021.0,3140.0,2336.0,196.0,209.0,138.0,104.0,121.0
Kris (F),Archanea,1555.15,373.0,600.0,1034.0,688.0,294.0,257.0,190.0,199.0,289.0
Anna (FE14),Fates,1555.15,5065.0,1953.0,4031.0,880.0,273.0,360.0,264.0,106.0,96.0
Cornelia,Fodlan,1553.83,,,,1159.0,612.0,794.0,404.0,83.0,74.0
Pelleas,Tellius,1553.29,608.0,698.0,846.0,965.0,948.0,336.0,110.0,162.0,150.0
Panne,Ylisse,1551.12,3061.0,4930.0,4774.0,403.0,210.0,274.0,173.0,118.0,89.0
Njörðr (Njordr),Heroes,1550.8,,,,,,,,187.0,153.0
Ursula,Elibe,1549.76,1534.0,952.0,728.0,395.0,277.0,239.0,202.0,165.0,137.0
Volke,Tellius,1549.45,1632.0,1554.0,1677.0,1079.0,978.0,289.0,146.0,167.0,118.0
Freyr,Heroes,1548.16,,,,963.0,551.0,385.0,281.0,91.0,60.0
Ginnungagap,Heroes,1545.71,,,,,,,,264.0,118.0
Clarisse,Archanea,1545.63,335.0,502.0,603.0,388.0,418.0,421.0,254.0,281.0,265.0
Seadall,Elyos,1545.42,,,,,,,,218.0,136.0
Arthur (FE04),Jugdral,1544.64,707.0,483.0,747.0,682.0,566.0,524.0,93.0,105.0,108.0
Laslow,Fates,1544.58,4287.0,1070.0,777.0,420.0,299.0,360.0,309.0,188.0,175.0
Serra,Elibe,1542.57,2203.0,750.0,715.0,428.0,345.0,250.0,202.0,244.0,236.0
Kaden,Fates,1542.47,3836.0,4763.0,3817.0,466.0,210.0,228.0,123.0,112.0,130.0
Jeralt,Fodlan,1542.19,,,,1098.0,723.0,997.0,192.0,102.0,74.0
Ymir (Heroes),Heroes,1541.05,,,,,,,301.0,212.0,83.0
Patty,Jugdral,1540.9,448.0,536.0,749.0,757.0,527.0,593.0,519.0,100.0,106.0
Sephiran,Tellius,1539.74,447.0,812.0,1135.0,1409.0,274.0,221.0,139.0,190.0,138.0
Sonya,Valentia,1539.66,167.0,1706.0,1286.0,676.0,352.0,451.0,194.0,174.0,185.0
Lilith,Fates,1538.1,2279.0,2773.0,3495.0,1489.0,206.0,192.0,128.0,100.0,82.0
Marni,Elyos,1536.93,,,,,,,,187.0,143.0
Genny,Valentia,1536.42,135.0,2482.0,1731.0,560.0,406.0,444.0,257.0,223.0,198.0
Skrimir,Tellius,1535.96,244.0,435.0,790.0,376.0,279.0,386.0,435.0,234.0,179.0
Julius,Jugdral,1535.79,349.0,963.0,504.0,472.0,318.0,359.0,235.0,222.0,205.0
Lehran,Tellius,1535.76,,,,,282.0,389.0,238.0,153.0,137.0
Læraðr (Laeradr),Heroes,1535.64,,,,,,,,,144.0
Fiora,Elibe,1533.76,1246.0,883.0,1092.0,389.0,207.0,220.0,141.0,124.0,128.0
Meg,Tellius,1533.59,516.0,767.0,420.0,340.0,219.0,491.0,270.0,293.0,233.0
Kieran,Tellius,1533.53,677.0,444.0,508.0,341.0,336.0,341.0,236.0,296.0,314.0
Conrad,Valentia,1532.79,,2369.0,3152.0,418.0,174.0,208.0,156.0,141.0,87.0
Igrene,Elibe,1532.71,322.0,296.0,436.0,208.0,223.0,437.0,380.0,322.0,141.0
Zephiel (FE06),Elibe,1531.4,808.0,704.0,711.0,393.0,257.0,258.0,180.0,164.0,130.0
Janaff,Tellius,1530.88,486.0,467.0,548.0,330.0,336.0,355.0,274.0,263.0,286.0
Erinys,Jugdral,1530.38,545.0,443.0,1015.0,977.0,646.0,224.0,137.0,142.0,106.0
Subaki,Fates,1529.88,1768.0,839.0,764.0,410.0,354.0,369.0,181.0,164.0,171.0
Limstella,Elibe,1529.87,690.0,928.0,1180.0,803.0,725.0,756.0,151.0,88.0,69.0
Michalis,Archanea,1528.42,610.0,1140.0,992.0,489.0,354.0,413.0,243.0,192.0,144.0
Wolf,Archanea,1526.55,906.0,924.0,973.0,610.0,453.0,164.0,146.0,95.0,158.0
Saizo,Fates,1525.99,2221.0,560.0,654.0,330.0,362.0,367.0,294.0,166.0,139.0
Kellam,Ylisse,1525.52,2129.0,1003.0,1014.0,489.0,328.0,446.0,397.0,80.0,112.0
Arden,Jugdral,1524.61,3094.0,510.0,584.0,361.0,266.0,271.0,183.0,184.0,143.0
Innes,Magvel,1524.47,1499.0,794.0,851.0,415.0,213.0,325.0,183.0,194.0,149.0
Tine,Jugdral,1524.07,490.0,448.0,757.0,825.0,625.0,677.0,112.0,121.0,95.0
Peony,Heroes,1523.92,,,,855.0,264.0,266.0,190.0,187.0,114.0
Zephia,Elyos,1523.61,,,,,,,,158.0,107.0
Dieck,Elibe,1523.44,1176.0,980.0,1231.0,1071.0,227.0,305.0,194.0,145.0,72.0
Orochi,Fates,1523.19,1617.0,1516.0,1896.0,788.0,654.0,174.0,112.0,113.0,66.0
Bunet,Elyos,1523.17,,,,,,,,158.0,99.0
Reyson,Tellius,1523.04,982.0,2415.0,865.0,427.0,213.0,243.0,141.0,177.0,162.0
Shannan,Jugdral,1522.95,531.0,852.0,1824.0,403.0,256.0,227.0,158.0,146.0,174.0
Ares,Jugdral,1522.78,564.0,705.0,742.0,426.0,301.0,315.0,269.0,199.0,178.0
Olwen,Jugdral,1522.61,885.0,898.0,576.0,339.0,213.0,227.0,184.0,230.0,205.0
Garcia,Magvel,1521.12,1093.0,287.0,301.0,242.0,262.0,402.0,258.0,356.0,286.0
Selena (FE08),Magvel,1516.39,619.0,1236.0,3412.0,4469.0,145.0,170.0,106.0,92.0,85.0
Tatiana,Valentia,1514.62,59.0,1245.0,1555.0,983.0,772.0,195.0,138.0,79.0,80.0
Legault,Elibe,1514.35,1162.0,1276.0,381.0,256.0,188.0,146.0,140.0,143.0,172.0
Karla,Elibe,1513.34,653.0,884.0,644.0,279.0,227.0,300.0,142.0,169.0,151.0
Lugh,Elibe,1512.95,1119.0,1038.0,1131.0,273.0,155.0,185.0,93.0,130.0,152.0
Raigh,Elibe,1512.65,940.0,313.0,329.0,250.0,195.0,166.0,173.0,183.0,199.0
Judith,Fodlan,1512.52,,,,313.0,242.0,340.0,243.0,172.0,129.0
Leanne,Tellius,1512.31,1437.0,2931.0,1368.0,403.0,199.0,255.0,145.0,144.0,114.0
Letizia,Heroes,1511.31,,,,,,1066.0,178.0,122.0,118.0
Marcia,Tellius,1510.89,1352.0,748.0,860.0,571.0,649.0,184.0,124.0,112.0,113.0
Nailah,Tellius,1510.87,1206.0,2086.0,1368.0,446.0,172.0,341.0,148.0,188.0,91.0
Nyna,Archanea,1509.51,446.0,1114.0,1428.0,792.0,417.0,712.0,98.0,77.0,67.0
Linoan,Jugdral,1508.14,223.0,241.0,367.0,306.0,279.0,287.0,257.0,323.0,245.0
Pent,Elibe,1508.02,1331.0,2239.0,2619.0,579.0,377.0,143.0,106.0,91.0,77.0
Athena,Archanea,1507.09,920.0,655.0,785.0,352.0,221.0,214.0,161.0,118.0,140.0
Rath,Elibe,1506.68,1544.0,2370.0,3091.0,1204.0,143.0,136.0,84.0,81.0,90.0
Izana,Fates,1506.23,790.0,498.0,670.0,294.0,232.0,314.0,214.0,159.0,122.0
Kiragi,Fates,1506.21,881.0,733.0,729.0,413.0,374.0,495.0,50.0,95.0,62.0
Gregor,Ylisse,1506.12,1456.0,968.0,976.0,529.0,496.0,632.0,65.0,50.0,49.0
Shigure,Fates,1505.59,1524.0,1061.0,642.0,290.0,180.0,173.0,127.0,174.0,127.0
Kana (M),Fates,1504.1,1380.0,2284.0,510.0,237.0,138.0,167.0,130.0,120.0,87.0
Odin,Fates,1503.83,3256.0,764.0,623.0,260.0,214.0,193.0,154.0,139.0,106.0
Brom,Tellius,1502.73,486.0,300.0,319.0,212.0,205.0,253.0,197.0,328.0,181.0
Heather,Tellius,1502.66,599.0,534.0,703.0,426.0,306.0,511.0,376.0,100.0,65.0
Hanneman,Fodlan,1501.84,,,,249.0,182.0,270.0,209.0,161.0,140.0
Miriel,Ylisse,1501.81,1437.0,1011.0,1175.0,749.0,691.0,114.0,85.0,55.0,47.0
Etzel,Archanea,1501.51,666.0,461.0,434.0,297.0,245.0,261.0,216.0,175.0,214.0
Aran,Tellius,1501.43,648.0,499.0,427.0,315.0,285.0,320.0,247.0,222.0,260.0
Wil,Elibe,1500.16,1007.0,565.0,476.0,365.0,372.0,428.0,320.0,62.0,58.0
Zihark,Tellius,1500.06,1552.0,792.0,1024.0,717.0,189.0,206.0,132.0,174.0,172.0
Ismaire,Magvel,1499.76,308.0,468.0,542.0,306.0,282.0,429.0,234.0,234.0,243.0
Cynthia,Ylisse,1499.59,2069.0,1240.0,1556.0,263.0,143.0,144.0,115.0,123.0,123.0
Gonzalez,Elibe,1499.49,767.0,857.0,667.0,519.0,529.0,571.0,85.0,52.0,64.0
Quan,Jugdral,1499.24,823.0,2239.0,605.0,339.0,197.0,191.0,131.0,108.0,102.0
Helbindi,Heroes,1499.11,,,1257.0,460.0,219.0,201.0,196.0,165.0,79.0
Rhys,Tellius,1497.42,734.0,459.0,575.0,462.0,210.0,220.0,151.0,130.0,136.0
Sophie,Fates,1497.2,913.0,600.0,619.0,471.0,230.0,266.0,216.0,133.0,156.0
Ross,Magvel,1496.19,2234.0,2205.0,2014.0,286.0,115.0,194.0,105.0,127.0,93.0
Ylgr,Heroes,1496.05,,,1912.0,430.0,165.0,181.0,117.0,94.0,109.0
Saber,Valentia,1495.86,156.0,807.0,653.0,339.0,217.0,358.0,208.0,199.0,101.0
Cecilia,Elibe,1495.24,1029.0,825.0,560.0,295.0,224.0,270.0,153.0,147.0,148.0
Midori,Fates,1495.17,1333.0,874.0,1061.0,610.0,160.0,138.0,124.0,76.0,92.0
Vika,Tellius,1494.77,681.0,799.0,1007.0,593.0,458.0,157.0,88.0,94.0,99.0
Catherine,Fodlan,1494.1,,,,1232.0,200.0,225.0,128.0,120.0,90.0
Altena,Jugdral,1494.0,294.0,744.0,1928.0,222.0,181.0,209.0,162.0,131.0,166.0
Caeldori,Fates,1492.92,3149.0,1832.0,1560.0,472.0,283.0,344.0,103.0,71.0,41.0
Libra,Ylisse,1492.84,1668.0,1434.0,526.0,352.0,241.0,215.0,161.0,135.0,116.0
Muarim,Tellius,1492.52,574.0,633.0,754.0,489.0,380.0,405.0,107.0,108.0,76.0
Priam,Ylisse,1492.33,1556.0,1214.0,1704.0,835.0,611.0,131.0,84.0,83.0,70.0
Miklan,Fodlan,1491.08,,,,266.0,204.0,200.0,184.0,168.0,167.0
Kent,Elibe,1490.8,991.0,627.0,594.0,457.0,427.0,565.0,84.0,92.0,76.0
Valter,Magvel,1490.05,619.0,547.0,608.0,332.0,199.0,277.0,165.0,122.0,83.0
Naga,Ylisse,1489.4,1150.0,1965.0,3454.0,396.0,147.0,128.0,127.0,91.0,84.0
Say'ri,Ylisse,1489.37,1756.0,1344.0,1721.0,957.0,137.0,147.0,106.0,93.0,80.0
Tailtiu,Jugdral,1489.09,703.0,432.0,605.0,337.0,188.0,247.0,218.0,125.0,150.0
Marcus (FE07),Elibe,1488.69,414.0,424.0,415.0,278.0,194.0,262.0,160.0,111.0,136.0
Cain (FE01/11),Archanea,1488.63,1663.0,516.0,661.0,377.0,198.0,196.0,92.0,128.0,100.0
Uther,Elibe,1488.43,,,,,328.0,257.0,185.0,214.0,30.0
Nótt (Nott),Heroes,1488.38,,,,,,402.0,138.0,88.0,79.0
Ullr,Jugdral,1488.38,,,,,,,,,99.0
Gerik,Magvel,1488.33,1489.0,1274.0,1889.0,251.0,128.0,175.0,130.0,109.0,113.0
Klein,Elibe,1488.27,258.0,911.0,725.0,297.0,217.0,234.0,152.0,117.0,99.0
Emmeryn,Ylisse,1486.91,1325.0,1713.0,2419.0,1117.0,120.0,126.0,94.0,96.0,82.0
Rhajat,Fates,1486.52,2640.0,1406.0,975.0,353.0,188.0,203.0,103.0,83.0,73.0
Knoll,Magvel,1484.58,997.0,1894.0,1346.0,983.0,176.0,189.0,133.0,148.0,92.0
Múspell (Muspell),Heroes,1484.3,,,,,,215.0,183.0,116.0,92.0
Silque,Valentia,1482.89,169.0,1720.0,2513.0,316.0,197.0,211.0,106.0,118.0,108.0
Elena,Tellius,1482.67,250.0,377.0,300.0,262.0,168.0,220.0,152.0,325.0,263.0
Oswin,Elibe,1482.33,598.0,530.0,548.0,390.0,240.0,322.0,220.0,205.0,29.0
Mordecai,Tellius,1482.31,885.0,918.0,984.0,279.0,161.0,215.0,118.0,132.0,87.0
Moulder,Magvel,1481.66,635.0,384.0,361.0,211.0,174.0,323.0,181.0,177.0,136.0
Ashunera,Tellius,1481.54,221.0,363.0,467.0,282.0,236.0,300.0,159.0,163.0,123.0
Hardin,Archanea,1481.18,580.0,1236.0,1020.0,516.0,326.0,454.0,80.0,70.0,67.0
Geoffrey,Tellius,1480.53,583.0,554.0,695.0,417.0,393.0,383.0,259.0,55.0,42.0
Nergal,Elibe,1480.47,262.0,430.0,591.0,435.0,327.0,351.0,295.0,255.0,39.0
Anna (FE16),Fodlan,1479.28,,,,1292.0,302.0,277.0,125.0,71.0,50.0
Morion,Elyos,1479.19,,,,,,,,142.0,79.0
Dart,Elibe,1479.06,470.0,613.0,520.0,275.0,187.0,194.0,122.0,131.0,118.0
Artur,Magvel,1477.62,712.0,710.0,735.0,603.0,428.0,184.0,164.0,93.0,96.0
Thea (Thite),Elibe,1477.02,685.0,537.0,659.0,178.0,181.0,193.0,182.0,132.0,92.0
Dorcas,Elibe,1476.57,12083.0,1372.0,730.0,327.0,271.0,153.0,67.0,90.0,57.0
Anna (FE01/11),Archanea,1476.09,1422.0,890.0,2007.0,650.0,169.0,219.0,119.0,73.0,92.0
Brigid,Jugdral,1474.68,158.0,550.0,1012.0,1026.0,603.0,154.0,143.0,134.0,45.0
Shahid,Fodlan,1474.49,,,,,,,207.0,87.0,68.0
Layla,Fates,1474.44,1090.0,637.0,637.0,400.0,159.0,237.0,138.0,126.0,108.0
Nasir,Tellius,1474.1,217.0,414.0,543.0,298.0,164.0,212.0,130.0,169.0,126.0
Luthier,Valentia,1473.73,104.0,1106.0,1506.0,1121.0,1233.0,141.0,116.0,106.0,94.0
Radd,Archanea,1473.68,321.0,183.0,357.0,245.0,174.0,195.0,175.0,115.0,152.0
Nader,Fodlan,1473.39,,,,261.0,212.0,152.0,125.0,89.0,119.0
Kurthnaga,Tellius,1471.87,346.0,731.0,928.0,715.0,425.0,181.0,93.0,124.0,106.0
Ricken,Ylisse,1471.74,1235.0,982.0,1020.0,507.0,408.0,491.0,92.0,54.0,38.0
Narcian,Elibe,1471.51,1060.0,648.0,512.0,345.0,196.0,337.0,149.0,131.0,109.0
Neimi,Magvel,1471.4,999.0,763.0,781.0,511.0,390.0,137.0,89.0,83.0,165.0
Zeke,Valentia,1470.68,240.0,1034.0,1059.0,466.0,289.0,155.0,119.0,90.0,66.0
Mila,Valentia,1470.62,,1953.0,2670.0,1741.0,167.0,180.0,91.0,65.0,50.0
Laura,Tellius,1470.25,312.0,239.0,236.0,170.0,168.0,225.0,143.0,179.0,180.0
Priscilla,Elibe,1469.08,1334.0,682.0,473.0,272.0,157.0,224.0,141.0,123.0,125.0
Dheginsea,Tellius,1468.79,231.0,546.0,816.0,840.0,195.0,190.0,86.0,102.0,100.0
Laurent,Ylisse,1468.49,577.0,317.0,384.0,371.0,289.0,346.0,367.0,44.0,35.0
Astrid,Tellius,1467.8,1018.0,1445.0,1441.0,735.0,595.0,135.0,109.0,82.0,53.0
Natalie,Elibe,1466.75,,,,,142.0,251.0,125.0,180.0,81.0
Forde,Magvel,1466.7,563.0,260.0,303.0,258.0,211.0,277.0,191.0,195.0,57.0
Hugh,Elibe,1466.62,538.0,337.0,396.0,470.0,348.0,394.0,89.0,72.0,74.0
Gangrel,Ylisse,1465.48,1101.0,684.0,927.0,634.0,154.0,155.0,111.0,91.0,83.0
Clarine,Elibe,1465.01,1044.0,389.0,429.0,223.0,179.0,171.0,129.0,136.0,124.0
Azelle,Jugdral,1464.62,542.0,483.0,895.0,771.0,621.0,142.0,116.0,94.0,93.0
Giffca,Tellius,1464.43,177.0,211.0,337.0,214.0,189.0,341.0,185.0,116.0,107.0
Oliver,Tellius,1464.31,902.0,482.0,486.0,247.0,190.0,228.0,130.0,112.0,73.0
Mamori/Draug,TMS #FE,1459.81,,,,448.0,206.0,184.0,128.0,93.0,84.0
Machyua,Jugdral,1459.46,256.0,193.0,235.0,185.0,167.0,220.0,180.0,184.0,161.0
Ótr (Otr),Heroes,1459.37,,,,,254.0,251.0,145.0,77.0,89.0
Est,Archanea,1459.17,399.0,527.0,694.0,381.0,154.0,222.0,113.0,94.0,79.0
Nanna,Jugdral,1459.17,596.0,742.0,369.0,199.0,206.0,192.0,156.0,147.0,148.0
Scáthach (Ulster),Jugdral,1458.78,430.0,248.0,361.0,491.0,394.0,477.0,97.0,108.0,93.0
Perceval,Elibe,1457.83,677.0,696.0,1049.0,217.0,165.0,122.0,123.0,106.0,99.0
Julian,Archanea,1457.02,715.0,638.0,890.0,622.0,122.0,109.0,46.0,79.0,63.0
Death Knight,Fodlan,1456.42,,,,506.0,185.0,210.0,122.0,98.0,74.0
Sumeragi,Fates,1455.71,520.0,754.0,1003.0,297.0,161.0,239.0,134.0,99.0,101.0
Leon,Valentia,1455.07,52.0,930.0,507.0,328.0,157.0,150.0,118.0,128.0,87.0
Lowen,Elibe,1454.98,349.0,238.0,286.0,182.0,163.0,209.0,195.0,169.0,192.0
Virion,Ylisse,1454.14,1548.0,371.0,389.0,238.0,141.0,185.0,112.0,99.0,99.0
Jesse,Valentia,1453.68,43.0,205.0,196.0,180.0,158.0,236.0,184.0,167.0,158.0
Nagi,Archanea,1453.4,784.0,1337.0,1568.0,498.0,164.0,195.0,125.0,77.0,66.0
Hel,Heroes,1451.71,,,3964.0,1287.0,193.0,192.0,108.0,69.0,83.0
Ashnard,Tellius,1451.45,465.0,983.0,1336.0,1027.0,130.0,105.0,84.0,77.0,74.0
Colm,Magvel,1450.7,1267.0,847.0,909.0,696.0,417.0,109.0,65.0,62.0,73.0
Chulainn,Jugdral,1450.19,256.0,289.0,334.0,280.0,195.0,186.0,164.0,194.0,38.0
Echidna,Elibe,1449.74,662.0,670.0,868.0,182.0,155.0,162.0,97.0,115.0,88.0
Leila,Elibe,1449.64,1069.0,1270.0,1581.0,1266.0,121.0,85.0,63.0,73.0,46.0
Monica (FE16),Fodlan,1448.18,,,,348.0,224.0,307.0,1053.0,39.0,42.0
Metodey,Fodlan,1448.12,,,,282.0,232.0,181.0,134.0,96.0,56.0
Oifey,Jugdral,1448.11,165.0,113.0,279.0,252.0,272.0,314.0,258.0,256.0,319.0
Zeiss,Elibe,1446.23,308.0,159.0,211.0,203.0,203.0,240.0,161.0,158.0,61.0
Arthur (FE14),Fates,1445.99,1704.0,474.0,435.0,177.0,169.0,165.0,94.0,84.0,100.0
Lorenz (FE01/11),Archanea,1445.26,392.0,413.0,503.0,316.0,133.0,159.0,160.0,126.0,128.0
Roland,Elibe,1444.78,,,,,134.0,133.0,76.0,190.0,75.0
Benny,Fates,1444.1,1055.0,786.0,836.0,487.0,402.0,87.0,62.0,59.0,45.0
Count Bergliez,Fodlan,1443.47,,,,,,,204.0,76.0,76.0
Sheena,Archanea,1443.44,590.0,464.0,473.0,232.0,111.0,131.0,90.0,88.0,63.0
Yarne,Ylisse,1443.29,1405.0,1182.0,1279.0,160.0,129.0,137.0,94.0,80.0,72.0
Fernand,Valentia,1442.92,,673.0,705.0,540.0,394.0,87.0,78.0,62.0,35.0
Iago,Fates,1442.29,518.0,428.0,619.0,404.0,115.0,123.0,80.0,73.0,107.0
Nolan,Tellius,1441.66,297.0,274.0,196.0,207.0,211.0,228.0,203.0,190.0,162.0
Tobin,Valentia,1441.65,97.0,473.0,490.0,269.0,145.0,227.0,129.0,106.0,112.0
Holst,Fodlan,1441.36,,,,,,,262.0,56.0,44.0
Calill,Tellius,1441.3,261.0,280.0,370.0,227.0,163.0,220.0,168.0,159.0,194.0
Niðavellir (Nidavellir),Heroes,1441.15,,,,,,,,,71.0
Elice,Archanea,1439.49,519.0,637.0,938.0,659.0,251.0,339.0,151.0,53.0,43.0
Flavia,Ylisse,1438.96,1036.0,967.0,1320.0,568.0,369.0,35.0,74.0,25.0,30.0
Nina,Fates,1438.56,1784.0,1342.0,608.0,196.0,131.0,123.0,84.0,68.0,78.0
Hayato,Fates,1438.2,644.0,423.0,453.0,235.0,183.0,276.0,151.0,142.0,36.0
Boey,Valentia,1436.8,138.0,626.0,369.0,226.0,157.0,225.0,114.0,108.0,115.0
Yuliya,Archanea,1436.67,161.0,147.0,200.0,144.0,133.0,181.0,378.0,142.0,50.0
Almedha,Tellius,1435.74,93.0,88.0,199.0,112.0,92.0,143.0,96.0,258.0,239.0
Midia,Archanea,1435.59,162.0,162.0,200.0,182.0,121.0,139.0,153.0,160.0,144.0
Karel (FE06),Elibe,1435.49,270.0,261.0,324.0,250.0,200.0,207.0,152.0,126.0,134.0
Louise,Elibe,1433.98,659.0,3340.0,9274.0,293.0,163.0,85.0,88.0,79.0,51.0
Dew,Jugdral,1433.64,326.0,249.0,351.0,296.0,208.0,213.0,195.0,178.0,39.0
Morva,Magvel,1433.57,,,,,176.0,140.0,95.0,93.0,95.0
Arete,Fates,1432.67,579.0,902.0,1555.0,473.0,338.0,96.0,47.0,30.0,31.0
Gromell,Tellius,1432.53,,,,,269.0,208.0,144.0,93.0,67.0
Heath,Elibe,1432.31,908.0,774.0,879.0,621.0,91.0,111.0,62.0,71.0,61.0
Gerome,Ylisse,1432.11,1867.0,1513.0,485.0,174.0,81.0,110.0,97.0,64.0,77.0
Lot,Elibe,1431.99,3218.0,802.0,532.0,221.0,111.0,65.0,48.0,60.0,42.0
Dorothy,Elibe,1429.14,271.0,222.0,228.0,215.0,200.0,296.0,272.0,58.0,67.0
Glen,Magvel,1428.65,242.0,217.0,226.0,221.0,232.0,357.0,215.0,246.0,25.0
Sue,Elibe,1428.29,562.0,766.0,996.0,124.0,99.0,101.0,96.0,78.0,79.0
Duessel,Magvel,1428.11,412.0,720.0,702.0,526.0,102.0,158.0,76.0,60.0,65.0
Haitaka,Fates,1427.46,,,,,76.0,158.0,89.0,112.0,57.0
Arlen,Archanea,1427.43,261.0,168.0,246.0,216.0,166.0,181.0,342.0,177.0,28.0
Leonardo,Tellius,1426.83,398.0,261.0,255.0,194.0,176.0,350.0,295.0,350.0,47.0
Lena,Archanea,1426.16,493.0,388.0,642.0,448.0,75.0,108.0,84.0,70.0,75.0
Guinivere (FE06),Elibe,1426.06,227.0,407.0,565.0,538.0,117.0,177.0,111.0,92.0,77.0
Misha,Jugdral,1426.0,166.0,159.0,175.0,121.0,126.0,215.0,156.0,162.0,137.0
Nuibaba,Valentia,1425.9,,297.0,385.0,179.0,99.0,196.0,135.0,91.0,82.0
Brigand Boss,Valentia,1425.8,,1214.0,1071.0,660.0,442.0,599.0,61.0,23.0,12.0
Medeus,Archanea,1425.74,169.0,302.0,653.0,429.0,260.0,467.0,126.0,54.0,43.0
Norne,Archanea,1424.59,607.0,421.0,524.0,173.0,189.0,230.0,140.0,114.0,104.0
Thales,Fodlan,1423.92,,,,277.0,159.0,199.0,133.0,64.0,76.0
Sirius,Archanea,1423.68,742.0,1024.0,1778.0,271.0,114.0,93.0,62.0,58.0,49.0
Lana,Jugdral,1423.53,199.0,129.0,184.0,219.0,161.0,166.0,185.0,183.0,232.0
Maria,Archanea,1422.99,412.0,397.0,454.0,250.0,147.0,197.0,97.0,106.0,100.0
Homer,Jugdral,1422.25,66.0,92.0,162.0,87.0,120.0,158.0,113.0,239.0,110.0
Mikoto,Fates,1421.94,1228.0,1787.0,802.0,258.0,116.0,130.0,76.0,65.0,45.0
Cecil,Archanea,1421.7,186.0,158.0,207.0,152.0,168.0,190.0,133.0,101.0,94.0
Ewan,Magvel,1421.7,930.0,1010.0,817.0,138.0,79.0,103.0,84.0,86.0,93.0
Naoise,Jugdral,1421.53,262.0,150.0,232.0,202.0,167.0,188.0,139.0,113.0,129.0
Eleanora,Elibe,1418.82,,,,,97.0,113.0,102.0,100.0,99.0
Lance,Elibe,1417.85,303.0,198.0,185.0,205.0,153.0,137.0,154.0,153.0,133.0
Walhart,Ylisse,1415.3,1045.0,1335.0,322.0,168.0,107.0,117.0,60.0,41.0,47.0
Oscar,Tellius,1411.67,967.0,306.0,300.0,144.0,163.0,159.0,107.0,82.0,63.0
Elimine,Elibe,1410.68,,,,,,,,,66.0
Lex,Jugdral,1410.64,426.0,510.0,870.0,738.0,469.0,74.0,50.0,45.0,36.0
Forsyth,Valentia,1409.77,54.0,839.0,820.0,174.0,144.0,150.0,101.0,92.0,105.0
Farina,Elibe,1409.43,719.0,426.0,449.0,434.0,428.0,70.0,43.0,43.0,48.0
Saleh,Magvel,1409.38,272.0,395.0,413.0,360.0,240.0,132.0,68.0,89.0,121.0
Mathilda,Valentia,1409.05,313.0,521.0,444.0,168.0,122.0,120.0,104.0,122.0,93.0
Levail,Tellius,1408.18,,,,,182.0,128.0,80.0,80.0,71.0
Sara,Jugdral,1408.11,330.0,304.0,571.0,568.0,131.0,113.0,87.0,58.0,81.0
Bramimond,Elibe,1407.81,,,,,205.0,172.0,61.0,57.0,66.0
Ladislava,Fodlan,1405.85,,,,155.0,100.0,158.0,114.0,91.0,79.0
Elffin,Elibe,1405.85,83.0,140.0,170.0,204.0,171.0,173.0,180.0,171.0,23.0
Linus,Elibe,1405.18,284.0,635.0,322.0,224.0,116.0,133.0,113.0,93.0,67.0
Kamui,Valentia,1405.01,147.0,526.0,438.0,401.0,325.0,415.0,51.0,29.0,19.0
Karel (FE07),Elibe,1404.05,770.0,341.0,321.0,157.0,108.0,111.0,59.0,86.0,92.0
Rolf ,Tellius,1403.84,916.0,497.0,427.0,195.0,148.0,130.0,75.0,81.0,64.0
Marty,Jugdral,1402.76,433.0,230.0,238.0,128.0,104.0,150.0,168.0,113.0,63.0
Makalov,Tellius,1402.42,216.0,132.0,116.0,148.0,96.0,168.0,157.0,125.0,124.0
Geitz,Elibe,1402.06,219.0,162.0,178.0,155.0,147.0,148.0,91.0,114.0,90.0
Basilio,Ylisse,1401.84,994.0,711.0,834.0,427.0,282.0,43.0,54.0,25.0,35.0
Rudolf,Valentia,1401.78,95.0,621.0,666.0,432.0,123.0,139.0,67.0,77.0,49.0
Renault,Elibe,1401.4,143.0,117.0,170.0,148.0,135.0,120.0,96.0,112.0,88.0
Wallace,Elibe,1400.67,442.0,326.0,333.0,172.0,95.0,127.0,85.0,87.0,83.0
Shiro,Fates,1400.37,932.0,675.0,526.0,191.0,101.0,115.0,63.0,56.0,48.0
Jedah,Valentia,1399.21,,247.0,303.0,156.0,78.0,124.0,74.0,70.0,77.0
Ephidel,Elibe,1398.9,301.0,282.0,270.0,220.0,144.0,122.0,123.0,88.0,86.0
Ashera,Tellius,1398.63,316.0,601.0,1079.0,568.0,461.0,94.0,46.0,35.0,23.0
Lindon,Elyos,1397.9,,,,,,,,97.0,43.0
Amy,Tellius,1397.72,364.0,291.0,284.0,113.0,70.0,156.0,83.0,172.0,94.0
Cath,Elibe,1396.89,300.0,194.0,253.0,190.0,471.0,229.0,88.0,50.0,54.0
Yune,Tellius,1396.69,428.0,488.0,878.0,367.0,105.0,102.0,89.0,78.0,44.0
Noah,Elibe,1396.2,347.0,276.0,296.0,197.0,190.0,240.0,176.0,60.0,35.0
Gray,Valentia,1395.41,115.0,685.0,384.0,193.0,112.0,225.0,115.0,119.0,84.0
Ogier,Elibe,1392.81,232.0,111.0,186.0,135.0,153.0,189.0,169.0,127.0,30.0
Amalda,Jugdral,1392.67,59.0,127.0,139.0,106.0,123.0,141.0,120.0,132.0,102.0
Hestia,Valentia,1392.02,,533.0,753.0,331.0,170.0,215.0,124.0,22.0,11.0
Vyland,Archanea,1391.25,675.0,270.0,317.0,176.0,128.0,90.0,141.0,85.0,39.0
Febail,Jugdral,1391.02,217.0,162.0,262.0,220.0,174.0,168.0,167.0,45.0,66.0
Asugi,Fates,1390.56,823.0,289.0,305.0,132.0,79.0,91.0,77.0,67.0,59.0
Fergus,Jugdral,1390.18,97.0,83.0,139.0,105.0,104.0,109.0,113.0,101.0,102.0
Deen (FE02/15),Valentia,1390.05,65.0,465.0,496.0,354.0,247.0,169.0,83.0,44.0,73.0
Castor,Archanea,1389.98,380.0,246.0,332.0,242.0,147.0,195.0,110.0,127.0,39.0
Arion,Jugdral,1389.56,101.0,198.0,381.0,379.0,267.0,262.0,234.0,26.0,24.0
Barst,Archanea,1388.61,841.0,352.0,411.0,246.0,155.0,180.0,68.0,55.0,52.0
Gunter,Fates,1387.31,813.0,261.0,283.0,175.0,75.0,124.0,81.0,80.0,76.0
Candace,Fates,1386.91,426.0,208.0,255.0,89.0,100.0,192.0,147.0,120.0,32.0
Laylea,Jugdral,1386.5,70.0,125.0,173.0,108.0,63.0,221.0,101.0,79.0,96.0
Duma,Valentia,1386.07,,503.0,677.0,288.0,91.0,97.0,78.0,52.0,44.0
Legion,Archanea,1384.64,218.0,352.0,327.0,172.0,146.0,164.0,101.0,86.0,57.0
Asbel,Jugdral,1384.17,279.0,257.0,407.0,446.0,80.0,114.0,69.0,69.0,49.0
Petrine,Tellius,1383.87,325.0,514.0,621.0,366.0,79.0,121.0,71.0,67.0,45.0
Azama,Fates,1381.08,1180.0,464.0,381.0,167.0,91.0,109.0,72.0,53.0,45.0
Brunnya,Elibe,1380.61,280.0,444.0,566.0,210.0,132.0,117.0,73.0,67.0,45.0
Hisame,Fates,1380.33,378.0,173.0,186.0,95.0,73.0,73.0,74.0,203.0,243.0
Ulki,Tellius,1380.01,226.0,141.0,171.0,101.0,99.0,106.0,101.0,100.0,199.0
August,Jugdral,1379.2,,,,,355.0,304.0,36.0,26.0,27.0
Gilbert,Fodlan,1378.97,,,,120.0,84.0,119.0,67.0,70.0,73.0
Ethlyn,Jugdral,1376.97,465.0,532.0,298.0,166.0,98.0,131.0,58.0,71.0,54.0
Astram,Archanea,1376.06,237.0,421.0,624.0,236.0,118.0,138.0,63.0,75.0,49.0
Sully,Ylisse,1375.87,1938.0,321.0,323.0,102.0,70.0,105.0,67.0,72.0,59.0
Saphir,Elyos,1375.48,,,,,,,,74.0,49.0
Niime,Elibe,1375.14,167.0,197.0,284.0,314.0,249.0,328.0,23.0,23.0,27.0
Ena,Tellius,1375.09,231.0,369.0,393.0,269.0,66.0,92.0,53.0,54.0,45.0
Samuel ,Archanea,1374.77,148.0,98.0,113.0,406.0,96.0,130.0,70.0,77.0,79.0
Melady,Elibe,1374.72,545.0,618.0,666.0,477.0,71.0,92.0,71.0,61.0,48.0
Carrion,Jugdral,1374.61,224.0,143.0,151.0,222.0,107.0,127.0,96.0,132.0,67.0
Harken,Elibe,1373.94,299.0,353.0,333.0,256.0,140.0,189.0,118.0,22.0,36.0
Malice,Archanea,1373.87,397.0,491.0,563.0,320.0,262.0,74.0,49.0,45.0,75.0
Beowolf,Jugdral,1373.38,141.0,120.0,185.0,166.0,81.0,119.0,100.0,128.0,101.0
Ganglöt (Ganglot),Heroes,1373.37,,,,,,,157.0,50.0,39.0
Samson,Archanea,1372.3,160.0,202.0,356.0,186.0,106.0,112.0,78.0,97.0,54.0
Trec,Elibe,1366.61,192.0,95.0,105.0,145.0,104.0,131.0,73.0,116.0,102.0
Midir,Jugdral,1366.58,173.0,116.0,137.0,130.0,122.0,182.0,133.0,104.0,55.0
Yukimura,Fates,1365.95,310.0,219.0,198.0,144.0,83.0,111.0,128.0,118.0,29.0
Muirne,Jugdral,1365.87,114.0,84.0,104.0,73.0,85.0,103.0,62.0,95.0,121.0
Garon,Fates,1365.81,689.0,671.0,252.0,134.0,76.0,78.0,34.0,63.0,53.0
Lyre,Tellius,1364.82,460.0,443.0,532.0,290.0,214.0,89.0,42.0,47.0,34.0
Mycen,Valentia,1364.79,85.0,399.0,342.0,214.0,235.0,265.0,182.0,22.0,15.0
Sigrun,Tellius,1364.78,599.0,759.0,1136.0,170.0,84.0,77.0,54.0,66.0,45.0
Galzus,Jugdral,1363.27,152.0,214.0,299.0,342.0,302.0,294.0,33.0,42.0,21.0
Count Hevring,Fodlan,1363.17,,,,,,,121.0,57.0,25.0
Draug,Archanea,1362.98,819.0,289.0,326.0,181.0,119.0,104.0,60.0,49.0,53.0
Kempf,Jugdral,1362.12,157.0,204.0,280.0,106.0,96.0,122.0,79.0,88.0,70.0
Tauroneo,Tellius,1361.33,219.0,224.0,244.0,95.0,104.0,122.0,90.0,90.0,58.0
Alen,Elibe,1360.22,290.0,141.0,187.0,195.0,120.0,125.0,79.0,97.0,120.0
Seforia,Elyos,1358.34,,,,,,,,68.0,42.0
Frey,Archanea,1356.63,248.0,161.0,166.0,110.0,64.0,90.0,60.0,63.0,84.0
Valbar,Valentia,1356.34,247.0,710.0,736.0,98.0,59.0,67.0,50.0,41.0,34.0
Murdock (FE06),Elibe,1356.09,119.0,155.0,217.0,217.0,210.0,190.0,141.0,11.0,19.0
Abel,Archanea,1355.59,1134.0,450.0,395.0,168.0,109.0,120.0,58.0,60.0,36.0
Vaida,Elibe,1354.59,126.0,179.0,238.0,192.0,113.0,129.0,130.0,138.0,14.0
Zola,Fates,1353.58,375.0,193.0,200.0,103.0,74.0,102.0,83.0,75.0,52.0
Jake,Archanea,1353.49,209.0,159.0,242.0,171.0,114.0,132.0,84.0,89.0,79.0
Hinata,Fates,1351.98,1427.0,357.0,358.0,135.0,75.0,80.0,133.0,74.0,34.0
Margrave Gautier,Fodlan,1351.0,,,,,,,120.0,47.0,45.0
Jagen,Archanea,1350.96,907.0,211.0,294.0,155.0,66.0,73.0,61.0,65.0,38.0
Brendan,Elibe,1350.57,,,,,115.0,85.0,85.0,52.0,49.0
Elbert,Elibe,1348.03,,,,,65.0,64.0,56.0,72.0,54.0
Jubelo,Archanea,1347.93,135.0,78.0,48.0,37.0,32.0,86.0,105.0,104.0,179.0
Sin,Elibe,1347.74,237.0,156.0,178.0,119.0,85.0,104.0,63.0,74.0,117.0
Saias,Jugdral,1347.55,155.0,225.0,128.0,113.0,99.0,84.0,92.0,76.0,72.0
Tanith,Tellius,1346.47,359.0,344.0,454.0,179.0,116.0,60.0,43.0,51.0,49.0
Mustafa,Ylisse,1345.34,1017.0,473.0,437.0,295.0,51.0,47.0,30.0,31.0,24.0
Natasha,Magvel,1343.73,421.0,588.0,648.0,484.0,41.0,90.0,37.0,42.0,47.0
Nichol,Fates,1343.35,271.0,109.0,122.0,53.0,67.0,124.0,69.0,79.0,130.0
Gatrie,Tellius,1343.06,562.0,424.0,447.0,266.0,57.0,89.0,51.0,64.0,55.0
Brady,Ylisse,1342.07,1040.0,555.0,690.0,99.0,70.0,77.0,57.0,33.0,46.0
Isadora,Elibe,1340.28,274.0,257.0,350.0,235.0,182.0,189.0,143.0,32.0,16.0
Diarmuid,Jugdral,1339.79,146.0,94.0,120.0,120.0,91.0,92.0,80.0,90.0,84.0
Gotoh,Archanea,1339.23,132.0,217.0,386.0,239.0,121.0,131.0,106.0,30.0,24.0
Caesar,Archanea,1338.77,232.0,124.0,123.0,111.0,146.0,70.0,62.0,63.0,67.0
Guinivere (FE07),Elibe,1336.08,367.0,324.0,364.0,215.0,88.0,126.0,56.0,39.0,33.0
Shiva,Jugdral,1335.58,155.0,112.0,170.0,125.0,83.0,113.0,51.0,71.0,74.0
Elen,Elibe,1335.43,162.0,104.0,117.0,96.0,108.0,87.0,71.0,73.0,95.0
Percy,Fates,1335.18,373.0,200.0,220.0,121.0,70.0,124.0,78.0,48.0,55.0
Eremiya,Archanea,1334.99,126.0,220.0,366.0,288.0,39.0,74.0,33.0,43.0,29.0
Validar,Ylisse,1333.65,425.0,248.0,360.0,205.0,143.0,157.0,113.0,16.0,5.0
Horace,Archanea,1331.14,204.0,131.0,146.0,97.0,93.0,109.0,112.0,76.0,55.0
Merlinus (FE07),Elibe,1330.61,474.0,490.0,494.0,379.0,65.0,44.0,41.0,23.0,28.0
Fiona,Tellius,1330.17,212.0,155.0,155.0,75.0,76.0,111.0,82.0,94.0,70.0
Eyvel,Jugdral,1330.16,165.0,337.0,321.0,106.0,56.0,101.0,74.0,47.0,51.0
Wendell,Archanea,1329.45,234.0,133.0,180.0,119.0,52.0,74.0,114.0,118.0,51.0
Daisy,Jugdral,1327.52,101.0,97.0,94.0,272.0,50.0,55.0,60.0,96.0,48.0
Coirpre,Jugdral,1326.61,36.0,16.0,43.0,28.0,25.0,37.0,235.0,164.0,157.0
Gwendolyn,Elibe,1325.11,648.0,248.0,288.0,125.0,68.0,65.0,40.0,61.0,50.0
Fee,Jugdral,1324.92,228.0,118.0,175.0,161.0,128.0,181.0,197.0,39.0,40.0
Edain,Jugdral,1324.66,41.0,61.0,133.0,166.0,115.0,182.0,167.0,157.0,18.0
Tethys,Magvel,1324.42,518.0,1167.0,807.0,112.0,55.0,64.0,46.0,43.0,29.0
Marisha,Archanea,1323.6,110.0,102.0,133.0,83.0,78.0,82.0,89.0,95.0,94.0
Tina,Jugdral,1322.87,68.0,69.0,102.0,72.0,115.0,307.0,336.0,25.0,11.0
Randolph,Fodlan,1322.45,,,,176.0,76.0,76.0,69.0,42.0,29.0
Jarod,Tellius,1321.11,146.0,181.0,123.0,72.0,118.0,116.0,75.0,86.0,23.0
Marcus (FE06),Elibe,1319.71,232.0,143.0,182.0,114.0,98.0,111.0,58.0,57.0,58.0
Tomas (FE01/11),Archanea,1319.41,125.0,101.0,83.0,93.0,71.0,100.0,92.0,72.0,81.0
Syrene,Magvel,1319.12,208.0,152.0,175.0,105.0,101.0,122.0,78.0,51.0,19.0
Ryan,Archanea,1317.94,141.0,104.0,86.0,73.0,68.0,88.0,86.0,43.0,42.0
Silvia,Jugdral,1316.62,203.0,274.0,188.0,91.0,64.0,71.0,60.0,60.0,65.0
Hyacinth,Elyos,1313.22,,,,,,,,38.0,46.0
Orson,Magvel,1312.96,255.0,234.0,236.0,192.0,184.0,56.0,52.0,41.0,32.0
Chad,Elibe,1312.75,475.0,219.0,333.0,97.0,64.0,65.0,43.0,48.0,60.0
Hawkeye,Elibe,1312.38,456.0,216.0,239.0,133.0,63.0,61.0,57.0,59.0,20.0
Lara,Jugdral,1311.72,233.0,235.0,220.0,150.0,122.0,147.0,100.0,42.0,28.0
Atlas,Valentia,1310.42,67.0,479.0,559.0,298.0,237.0,313.0,31.0,31.0,25.0
Travant,Jugdral,1309.48,232.0,260.0,463.0,110.0,71.0,72.0,49.0,35.0,38.0
Devdan,Tellius,1307.14,223.0,171.0,247.0,127.0,93.0,90.0,49.0,41.0,45.0
Arran,Archanea,1306.87,211.0,124.0,172.0,85.0,58.0,60.0,71.0,64.0,52.0
Gharnef,Archanea,1306.46,346.0,560.0,255.0,128.0,59.0,61.0,34.0,21.0,24.0
Phina,Archanea,1304.79,196.0,270.0,227.0,51.0,46.0,68.0,98.0,38.0,43.0
Roshea,Archanea,1304.2,240.0,157.0,212.0,154.0,142.0,45.0,43.0,53.0,34.0
Sedgar,Archanea,1302.37,328.0,190.0,232.0,135.0,82.0,50.0,49.0,63.0,45.0
Yatsufusa/Gharnef,TMS #FE,1302.36,,,,162.0,69.0,93.0,73.0,34.0,32.0
Geese,Elibe,1301.77,267.0,232.0,261.0,187.0,51.0,57.0,23.0,41.0,25.0
Anna (FE10),Tellius,1301.17,523.0,236.0,560.0,139.0,38.0,54.0,38.0,17.0,16.0
Kjelle,Ylisse,1300.74,791.0,560.0,680.0,73.0,40.0,55.0,36.0,24.0,15.0
Kyle,Magvel,1300.69,262.0,127.0,136.0,110.0,82.0,127.0,81.0,70.0,16.0
Yen'fay,Ylisse,1299.96,436.0,317.0,317.0,201.0,144.0,78.0,51.0,37.0,18.0
Shannam,Jugdral,1299.7,63.0,80.0,97.0,96.0,105.0,109.0,100.0,76.0,64.0
Acheron,Fodlan,1299.64,,,,89.0,98.0,87.0,37.0,32.0,40.0
Bartre (FE06),Elibe,1298.32,159.0,291.0,157.0,79.0,52.0,62.0,39.0,31.0,34.0
Fargus,Elibe,1297.39,,,,,150.0,164.0,95.0,20.0,11.0
Marla,Valentia,1296.38,,241.0,348.0,147.0,63.0,105.0,76.0,16.0,7.0
Clive,Valentia,1295.62,75.0,209.0,171.0,107.0,86.0,73.0,67.0,50.0,65.0
Lene,Jugdral,1295.08,143.0,127.0,245.0,95.0,85.0,85.0,51.0,54.0,49.0
Gazak,Fates,1294.97,,,,,59.0,65.0,41.0,34.0,37.0
Bantu,Archanea,1294.33,348.0,558.0,516.0,120.0,42.0,44.0,52.0,24.0,30.0
Rainbow Sage,Fates,1293.97,428.0,230.0,284.0,86.0,46.0,79.0,41.0,48.0,35.0
Claud,Jugdral,1293.68,40.0,26.0,78.0,158.0,72.0,71.0,76.0,76.0,61.0
Cervantes,Ylisse,1293.42,864.0,323.0,360.0,149.0,88.0,123.0,21.0,14.0,12.0
Rafiel,Tellius,1292.42,149.0,408.0,377.0,317.0,30.0,41.0,28.0,29.0,25.0
Lifis,Jugdral,1291.52,179.0,91.0,177.0,118.0,186.0,43.0,56.0,35.0,71.0
Daniela,Fates,1291.03,,,,,27.0,59.0,51.0,43.0,52.0
Dagdar,Jugdral,1289.32,97.0,61.0,87.0,101.0,160.0,111.0,64.0,66.0,38.0
Galle,Elibe,1289.24,273.0,255.0,301.0,185.0,36.0,27.0,28.0,28.0,27.0
Jamke,Jugdral,1287.37,245.0,231.0,104.0,68.0,67.0,59.0,35.0,41.0,51.0
Bryce,Tellius,1287.16,,,,,61.0,49.0,49.0,35.0,45.0
Matthis,Archanea,1286.88,214.0,105.0,127.0,483.0,178.0,824.0,20.0,23.0,6.0
Siegbert,Fates,1286.58,459.0,317.0,173.0,91.0,69.0,40.0,34.0,34.0,24.0
Riku/Abel,TMS #FE,1286.35,,,,164.0,78.0,87.0,43.0,30.0,33.0
Miranda,Jugdral,1285.97,238.0,240.0,299.0,211.0,51.0,66.0,37.0,29.0,40.0
Lombard,Jugdral,1285.97,73.0,69.0,125.0,116.0,80.0,79.0,62.0,52.0,66.0
Ronan,Jugdral,1283.6,133.0,233.0,167.0,423.0,60.0,46.0,44.0,26.0,52.0
Bors,Elibe,1283.44,205.0,123.0,111.0,44.0,90.0,196.0,101.0,90.0,18.0
Count Gloucester,Fodlan,1283.43,,,,,,,97.0,36.0,19.0
Linda,Jugdral,1282.35,75.0,76.0,99.0,69.0,57.0,37.0,78.0,56.0,70.0
Juno,Elibe,1282.01,108.0,65.0,106.0,145.0,136.0,43.0,64.0,28.0,22.0
Dryas,Jugdral,1281.1,,,,,58.0,37.0,45.0,56.0,25.0
Ignatius,Fates,1279.3,214.0,140.0,137.0,52.0,43.0,57.0,44.0,47.0,42.0
Bastian,Tellius,1278.65,190.0,126.0,179.0,143.0,83.0,139.0,104.0,10.0,16.0
Cord,Archanea,1275.67,233.0,102.0,128.0,112.0,72.0,60.0,41.0,28.0,41.0
Aida,Jugdral,1275.63,82.0,94.0,145.0,94.0,61.0,72.0,77.0,43.0,40.0
Eda,Jugdral,1275.42,115.0,96.0,112.0,95.0,72.0,47.0,40.0,59.0,53.0
Fado,Magvel,1274.31,104.0,118.0,187.0,105.0,43.0,83.0,46.0,28.0,30.0
Excellus,Ylisse,1270.5,254.0,116.0,113.0,73.0,57.0,60.0,40.0,31.0,50.0
Jahn,Elibe,1268.28,60.0,68.0,63.0,85.0,60.0,72.0,64.0,72.0,60.0
Cain (FE05),Jugdral,1267.41,55.0,16.0,38.0,21.0,45.0,45.0,56.0,107.0,79.0
Emperor Ionius IX,Fodlan,1266.03,,,,94.0,52.0,83.0,43.0,46.0,13.0
Aimee,Tellius,1264.6,120.0,93.0,117.0,57.0,81.0,75.0,42.0,44.0,34.0
Douglas,Elibe,1263.28,152.0,93.0,118.0,67.0,42.0,56.0,44.0,72.0,44.0
Caellach,Magvel,1262.42,171.0,257.0,229.0,199.0,38.0,54.0,36.0,33.0,57.0
Raydrik,Jugdral,1260.4,50.0,56.0,65.0,51.0,280.0,37.0,36.0,39.0,39.0
Salem,Jugdral,1260.17,118.0,107.0,108.0,152.0,140.0,120.0,21.0,28.0,15.0
Gareth,Tellius,1258.27,198.0,116.0,128.0,84.0,62.0,60.0,51.0,42.0,28.0
Dozla,Magvel,1257.73,397.0,290.0,326.0,85.0,45.0,41.0,35.0,26.0,19.0
Kumagera,Fates,1257.08,,,,,43.0,45.0,50.0,30.0,36.0
Vigarde,Magvel,1256.9,,,,,74.0,118.0,44.0,13.0,10.0
Merlinus (FE06),Elibe,1256.33,318.0,164.0,272.0,1456.0,30.0,19.0,12.0,10.0,29.0
Saul,Elibe,1256.23,290.0,213.0,202.0,142.0,152.0,30.0,39.0,19.0,19.0
Karin,Jugdral,1253.84,168.0,105.0,135.0,130.0,110.0,115.0,18.0,26.0,18.0
Largo,Tellius,1252.36,196.0,112.0,138.0,59.0,68.0,77.0,44.0,43.0,35.0
Renning,Tellius,1250.6,153.0,130.0,166.0,92.0,50.0,82.0,40.0,40.0,23.0
Díthorba (Dithorba),Jugdral,1250.29,,,,,41.0,22.0,128.0,30.0,25.0
Desaix,Valentia,1249.53,59.0,54.0,57.0,30.0,17.0,17.0,791.0,82.0,23.0
Bord,Archanea,1244.75,268.0,84.0,125.0,83.0,54.0,55.0,33.0,27.0,39.0
Fred,Jugdral,1241.34,36.0,50.0,155.0,64.0,30.0,128.0,39.0,50.0,53.0
Ilios,Jugdral,1240.19,106.0,83.0,71.0,50.0,47.0,58.0,44.0,53.0,67.0
Iucharba,Jugdral,1238.3,98.0,59.0,62.0,68.0,59.0,39.0,46.0,43.0,83.0
Ralf,Jugdral,1237.7,53.0,48.0,55.0,65.0,52.0,74.0,48.0,37.0,29.0
Reptor,Jugdral,1236.46,106.0,49.0,80.0,61.0,46.0,46.0,44.0,34.0,27.0
Tanya,Jugdral,1236.31,143.0,111.0,207.0,67.0,41.0,47.0,26.0,38.0,16.0
Selphina,Jugdral,1236.15,59.0,48.0,72.0,56.0,42.0,99.0,33.0,42.0,39.0
Hawk,Jugdral,1236.02,75.0,38.0,55.0,40.0,47.0,67.0,38.0,71.0,63.0
Iuchar,Jugdral,1236.0,92.0,65.0,103.0,88.0,48.0,39.0,39.0,30.0,44.0
Phila,Ylisse,1233.52,,,,,161.0,182.0,20.0,17.0,17.0
Ishtore,Jugdral,1231.7,60.0,31.0,49.0,62.0,35.0,50.0,48.0,40.0,30.0
Hicks,Jugdral,1231.07,41.0,9.0,42.0,187.0,50.0,43.0,34.0,29.0,24.0
Deen (FE05),Jugdral,1231.06,56.0,53.0,66.0,56.0,46.0,44.0,40.0,54.0,41.0
Manfroy,Jugdral,1229.74,70.0,55.0,103.0,113.0,53.0,40.0,36.0,33.0,39.0
Brighton,Jugdral,1226.24,61.0,49.0,73.0,55.0,56.0,44.0,30.0,49.0,23.0
Irma,Valentia,1226.17,,80.0,102.0,58.0,21.0,65.0,53.0,38.0,22.0
Roger,Archanea,1225.18,88.0,81.0,63.0,49.0,51.0,44.0,40.0,32.0,72.0
Nobu/Gangrel,TMS #FE,1223.96,,,,98.0,47.0,75.0,42.0,19.0,29.0
Annand,Jugdral,1223.87,109.0,120.0,200.0,153.0,103.0,27.0,16.0,23.0,21.0
Rickard,Archanea,1222.17,102.0,77.0,104.0,95.0,85.0,68.0,17.0,19.0,23.0
Hans,Fates,1222.07,272.0,104.0,106.0,69.0,70.0,54.0,15.0,17.0,14.0
Kyza,Tellius,1221.13,142.0,94.0,115.0,77.0,70.0,32.0,20.0,32.0,11.0
Darros,Archanea,1220.21,157.0,128.0,166.0,106.0,25.0,37.0,22.0,19.0,7.0
Danved,Tellius,1216.77,140.0,115.0,171.0,91.0,37.0,44.0,35.0,23.0,16.0
Osian,Jugdral,1215.15,240.0,327.0,493.0,54.0,26.0,23.0,11.0,25.0,20.0
Alec,Jugdral,1215.14,142.0,62.0,101.0,68.0,36.0,44.0,40.0,22.0,48.0
Robert,Jugdral,1215.02,48.0,28.0,23.0,59.0,52.0,61.0,30.0,36.0,28.0
Daichi,Fates,1212.58,,,,,37.0,58.0,30.0,24.0,18.0
Nealuchi,Tellius,1212.38,92.0,61.0,130.0,69.0,52.0,42.0,48.0,25.0,28.0
Bartre (FE07),Elibe,1212.29,228.0,176.0,135.0,62.0,46.0,42.0,25.0,22.0,24.0
Glade,Jugdral,1207.78,17.0,535.0,104.0,70.0,22.0,53.0,22.0,20.0,19.0
Perne,Jugdral,1206.85,63.0,30.0,50.0,40.0,59.0,57.0,55.0,10.0,46.0
Ymir (FE01/11),Archanea,1206.5,139.0,130.0,147.0,76.0,26.0,35.0,29.0,18.0,11.0
Lawson,Valentia,1206.33,,130.0,81.0,47.0,33.0,51.0,23.0,25.0,36.0
Byron,Jugdral,1205.8,45.0,45.0,95.0,74.0,37.0,48.0,18.0,26.0,24.0
Larum,Elibe,1203.31,131.0,218.0,238.0,47.0,44.0,48.0,29.0,25.0,14.0
Bloom,Jugdral,1203.09,18.0,7.0,67.0,35.0,14.0,12.0,65.0,31.0,36.0
Lang,Archanea,1199.53,96.0,70.0,108.0,44.0,37.0,41.0,27.0,25.0,34.0
Creidne,Jugdral,1199.35,65.0,19.0,51.0,48.0,40.0,54.0,35.0,58.0,30.0
Rennac,Magvel,1197.51,206.0,138.0,137.0,155.0,117.0,25.0,14.0,13.0,10.0
Astolfo,Elibe,1196.3,64.0,53.0,38.0,66.0,45.0,32.0,36.0,31.0,31.0
Jorge,Tellius,1195.88,39.0,21.0,1598.0,6728.0,27.0,6.0,18.0,4.0,5.0
Rufus,Fodlan,1193.03,,,,,,,39.0,19.0,15.0
Nomah,Valentia,1192.84,97.0,58.0,73.0,34.0,22.0,37.0,33.0,31.0,26.0
Dolph,Archanea,1190.01,109.0,64.0,74.0,46.0,37.0,42.0,20.0,26.0,24.0
Zephiel (FE07),Elibe,1188.6,104.0,231.0,236.0,99.0,33.0,43.0,24.0,23.0,7.0
Hannibal,Jugdral,1187.77,104.0,72.0,96.0,54.0,19.0,36.0,23.0,26.0,21.0
Valtome,Tellius,1186.87,55.0,56.0,61.0,31.0,26.0,48.0,21.0,26.0,31.0
Amid,Jugdral,1186.69,36.0,13.0,26.0,22.0,51.0,58.0,56.0,17.0,34.0
Count Varley,Fodlan,1185.68,,,,,,,34.0,16.0,14.0
Safy,Jugdral,1185.11,45.0,59.0,96.0,29.0,41.0,45.0,98.0,12.0,18.0
Sleuf,Jugdral,1185.07,30.0,36.0,38.0,27.0,70.0,27.0,30.0,40.0,31.0
Xavier,Jugdral,1183.57,55.0,53.0,61.0,46.0,35.0,36.0,32.0,21.0,35.0
Kostas,Fodlan,1181.89,,,,107.0,68.0,37.0,19.0,12.0,5.0
Lester,Jugdral,1179.03,32.0,46.0,60.0,60.0,25.0,42.0,23.0,29.0,42.0
Belf,Archanea,1175.85,62.0,35.0,30.0,24.0,103.0,47.0,39.0,18.0,16.0
Kuen/Excellus,TMS #FE,1167.25,,,,67.0,28.0,36.0,18.0,11.0,25.0
Macellan,Archanea,1166.86,86.0,61.0,68.0,48.0,11.0,28.0,23.0,20.0,16.0
Brian,Jugdral,1166.3,40.0,44.0,55.0,67.0,41.0,36.0,12.0,21.0,21.0
Massena,Valentia,1163.15,,48.0,45.0,34.0,14.0,30.0,34.0,23.0,25.0
Duke Aegir,Fodlan,1162.93,,,,254.0,55.0,62.0,20.0,9.0,9.0
Yoder,Elibe,1162.83,52.0,30.0,33.0,19.0,6.0,45.0,20.0,21.0,21.0
Roderick,Archanea,1162.75,69.0,57.0,64.0,39.0,28.0,26.0,18.0,18.0,18.0
Beck,Archanea,1162.6,119.0,71.0,75.0,56.0,36.0,26.0,16.0,25.0,34.0
Dalsin,Jugdral,1162.58,39.0,25.0,35.0,99.0,56.0,37.0,20.0,28.0,27.0
Ward (Wade),Elibe,1162.45,71.0,38.0,29.0,41.0,38.0,33.0,22.0,29.0,20.0
Durban,Elibe,1160.98,,,,,32.0,33.0,17.0,20.0,16.0
Jeanne,Jugdral,1158.36,54.0,51.0,63.0,35.0,16.0,25.0,48.0,22.0,30.0
Fuga,Fates,1155.73,225.0,124.0,133.0,53.0,27.0,35.0,37.0,9.0,7.0
Warren,Archanea,1154.14,47.0,40.0,37.0,31.0,30.0,25.0,35.0,19.0,21.0
Andrey,Jugdral,1151.84,100.0,46.0,56.0,53.0,26.0,24.0,17.0,21.0,28.0
Chagall,Jugdral,1150.57,35.0,26.0,52.0,21.0,23.0,16.0,18.0,25.0,54.0
Shiharam,Tellius,1148.1,,,,,52.0,20.0,15.0,16.0,11.0
Sandima,Jugdral,1146.82,64.0,37.0,42.0,26.0,20.0,40.0,6.0,10.0,50.0
Garret,Elibe,1146.44,52.0,40.0,36.0,21.0,16.0,23.0,44.0,48.0,20.0
Barthe,Elibe,1137.92,117.0,54.0,57.0,30.0,18.0,21.0,15.0,18.0,26.0
Troude,Jugdral,1136.74,33.0,21.0,61.0,23.0,25.0,21.0,18.0,49.0,24.0
Chouten/Pheros,TMS #FE,1136.63,,,,36.0,23.0,47.0,13.0,13.0,16.0
Dayan,Elibe,1135.61,39.0,27.0,31.0,40.0,30.0,26.0,21.0,23.0,27.0
Chikaomi/Lon'qu,TMS #FE,1135.35,,,,62.0,28.0,27.0,21.0,12.0,15.0
Aelfric,Fodlan,1133.97,,,,,69.0,29.0,25.0,8.0,3.0
Slayde,Valentia,1128.24,,52.0,62.0,37.0,31.0,32.0,18.0,15.0,6.0
Senno,Fates,1125.38,,,,,18.0,23.0,19.0,15.0,17.0
Tristan,Jugdral,1123.85,50.0,34.0,51.0,27.0,21.0,20.0,6.0,12.0,28.0
Solon,Fodlan,1123.07,,,,86.0,45.0,11.0,8.0,11.0,8.0
Bertram,Tellius,1119.62,97.0,105.0,129.0,52.0,39.0,19.0,7.0,3.0,15.0
Lekain,Tellius,1119.19,,,,,6.0,16.0,16.0,20.0,14.0
Teru/Garrick,TMS #FE,1117.03,,,,52.0,20.0,46.0,17.0,8.0,16.0
Hilda (FE04),Jugdral,1115.81,32.0,44.0,51.0,73.0,66.0,58.0,17.0,8.0,6.0
Blake,Valentia,1113.83,,49.0,39.0,29.0,15.0,22.0,18.0,15.0,19.0
Boah,Archanea,1113.17,118.0,76.0,103.0,48.0,19.0,25.0,11.0,17.0,13.0
Hellene,Elibe,1111.17,,,,,20.0,25.0,13.0,14.0,13.0
Lloyd (FE14),Fates,1101.07,,,,,24.0,30.0,13.0,8.0,15.0
Lonato,Fodlan,1098.65,,,,35.0,17.0,22.0,21.0,5.0,14.0
Hermina,Jugdral,1097.83,34.0,21.0,21.0,22.0,20.0,8.0,44.0,26.0,7.0
Frost,Archanea,1093.79,29.0,20.0,11.0,59.0,17.0,11.0,36.0,13.0,6.0
Llewelyn,Fates,1091.89,,,,,18.0,15.0,7.0,11.0,20.0
Munnir,Jugdral,1090.47,44.0,22.0,34.0,22.0,21.0,15.0,42.0,11.0,16.0
Deimne,Jugdral,1086.87,27.0,18.0,19.0,43.0,13.0,24.0,15.0,12.0,17.0
Conomor,Jugdral,1085.44,27.0,30.0,44.0,18.0,11.0,30.0,19.0,14.0,12.0
Zhara,Fates,1084.31,,,,,25.0,18.0,19.0,8.0,6.0
Alva,Jugdral,1083.34,57.0,40.0,38.0,25.0,27.0,18.0,12.0,10.0,14.0
Grieth,Valentia,1078.86,43.0,38.0,48.0,19.0,14.0,18.0,12.0,7.0,18.0
Murdock (FE07),Elibe,1072.79,,,,,35.0,28.0,9.0,8.0,5.0
Asaello,Jugdral,1071.9,36.0,24.0,28.0,23.0,22.0,18.0,12.0,20.0,11.0
Luke,Archanea,1071.15,75.0,44.0,58.0,39.0,12.0,24.0,6.0,11.0,5.0
Dalvin,Jugdral,1068.5,35.0,15.0,29.0,11.0,14.0,22.0,5.0,41.0,20.0
Ludveck,Tellius,1068.32,,,,,23.0,11.0,8.0,12.0,11.0
Pallardó (Pallardo),Fodlan,1068.04,,,,51.0,16.0,21.0,21.0,6.0,9.0
Lord Arundel,Fodlan,1066.83,,,,38.0,18.0,22.0,5.0,13.0,12.0
Funke,Fates,1064.86,,,,,18.0,14.0,8.0,12.0,19.0
Riev,Magvel,1064.47,48.0,58.0,51.0,28.0,32.0,24.0,9.0,8.0,4.0
Tatarrah,Valentia,1063.44,,57.0,67.0,29.0,18.0,19.0,7.0,3.0,11.0
Charlot,Jugdral,1059.77,28.0,15.0,26.0,22.0,33.0,19.0,12.0,13.0,11.0
Kasatai,Tellius,1057.02,,,,,8.0,32.0,8.0,8.0,13.0
Dice,Archanea,1056.89,80.0,23.0,31.0,45.0,11.0,13.0,11.0,3.0,23.0
Kutuzov,Jugdral,1054.79,58.0,27.0,38.0,25.0,15.0,19.0,8.0,16.0,10.0
Halvan,Jugdral,1054.47,102.0,36.0,28.0,22.0,17.0,12.0,25.0,8.0,10.0
Hayden,Magvel,1053.71,30.0,21.0,32.0,11.0,10.0,16.0,7.0,11.0,16.0
Tarba,Fates,1051.3,,,,,18.0,13.0,17.0,7.0,12.0
Jerome,Valentia,1047.55,,40.0,28.0,13.0,29.0,7.0,21.0,6.0,11.0
Daniel,Tellius,1041.74,29.0,25.0,22.0,12.0,51.0,25.0,14.0,4.0,9.0
Izuka,Tellius,1040.93,33.0,36.0,28.0,12.0,15.0,14.0,13.0,13.0,13.0
Cimbaeth,Jugdral,1040.82,27.0,25.0,30.0,16.0,13.0,18.0,6.0,16.0,7.0
Malledus,Archanea,1039.79,43.0,37.0,33.0,21.0,8.0,11.0,22.0,16.0,5.0
Reiden,Archanea,1035.83,46.0,30.0,31.0,52.0,9.0,8.0,6.0,6.0,8.0
Alder,Tellius,1034.89,,,,,2.0,13.0,1.0,39.0,10.0
Muston,Tellius,1030.52,39.0,21.0,30.0,14.0,16.0,15.0,7.0,1.0,18.0
Zelot,Elibe,1026.42,60.0,34.0,47.0,26.0,18.0,16.0,8.0,8.0,8.0
Veld,Jugdral,1013.6,45.0,37.0,34.0,13.0,26.0,17.0,3.0,15.0,2.0
Tomas (FE16),Fodlan,1001.05,,,,42.0,9.0,12.0,6.0,4.0,3.0
Halcyon,Valentia,999.33,,26.0,18.0,11.0,8.0,11.0,6.0,11.0,5.0
Gwendal,Fodlan,996.24,,,,28.0,17.0,14.0,8.0,4.0,6.0
Barth,Valentia,994.71,,21.0,49.0,21.0,12.0,16.0,9.0,6.0,2.0
Roberto,Archanea,992.18,50.0,22.0,21.0,19.0,11.0,15.0,7.0,3.0,7.0
Hetzel,Tellius,990.02,33.0,36.0,20.0,12.0,12.0,16.0,9.0,6.0,7.0
Scipio,Jugdral,989.31,28.0,17.0,19.0,19.0,12.0,12.0,8.0,4.0,5.0
Desmond,Elibe,985.01,,,,,11.0,7.0,4.0,11.0,10.0
Dolth,Valentia,980.68,,46.0,32.0,24.0,2.0,21.0,8.0,4.0,5.0
Lundgren,Elibe,976.28,,,,,9.0,7.0,3.0,6.0,10.0
Numida,Tellius,974.09,,,,,11.0,10.0,4.0,14.0,4.0
Garth,Valentia,934.77,,7.0,41.0,16.0,7.0,7.0,5.0,3.0,3.0
Danann,Jugdral,929.4,18.0,14.0,16.0,136.0,3.0,8.0,5.0,3.0,5.0
